ICAO,Ident,Operator,Type,CMPG,$Tag 1,#$Tag 2,Category,#$Link,Best
406481,G-PMIZ,Private,Amateur Built Pitts Special P-12,Civ,Do A Barrel Roll,Old,Aerobatic Teams,https://en.wikipedia.org/wiki/Pitts_Special,Y
407316,G-IIFI,Red Bull Matadors,Xtremeair Sbach XA-41,Civ,Do A Barrel Roll,Pass The Sick Bag,Aerobatic Teams,http://www.matadorsaerobaticteam.com/,Y
407315,G-IIIF,Red Bull Matadors,Xtremeair Sbach XA-41,Civ,Do A Barrel Roll,Pass The Sick Bag,Aerobatic Teams,http://www.matadorsaerobaticteam.com/,Y
4021BB,G-EWIZ,Rich Goodwin,Pitts Special S-2SE,Civ,Cool,Do A Barrel Roll,Aerobatic Teams,https://en.wikipedia.org/wiki/Pitts_Special,Y
400E1F,G-OFFO,The Blades,Extra EA-300,Civ,Do A Barrel Roll,Pass The Sick Bag,Aerobatic Teams,https://theblades.com/,Y
400E22,G-ZEXL,The Blades,Extra EA-300,Civ,Do A Barrel Roll,Pass The Sick Bag,Aerobatic Teams,https://theblades.com/,Y
400E20,G-ZXCL,The Blades,Extra EA-300,Civ,Do A Barrel Roll,Pass The Sick Bag,Aerobatic Teams,https://theblades.com/,Y
400E21,G-ZXEL,The Blades,Extra EA-300,Civ,Do A Barrel Roll,Pass The Sick Bag,Aerobatic Teams,https://theblades.com/,Y
40655A,G-ZXLL,The Blades,Extra EA-300,Civ,Do A Barrel Roll,Pass The Sick Bag,Aerobatic Teams,https://theblades.com/,Y
3E1CEA,D-ICDM,The Flying Bulls,Alpha Jet,Civ,Do A Barrel Roll,Already Has Wings,Aerobatic Teams,https://www.flyingbulls.at/en/,Y
4407F5,OE-FAS,The Flying Bulls,Alpha Jet,Civ,Do A Barrel Roll,Already Has Wings,Aerobatic Teams,https://www.flyingbulls.at/en/,Y
440836,OE-FDM,The Flying Bulls,Alpha Jet,Civ,Do A Barrel Roll,Already Has Wings,Aerobatic Teams,https://www.flyingbulls.at/en/,Y
4407F4,OE-FRB,The Flying Bulls,Alpha Jet,Civ,Do A Barrel Roll,Already Has Wings,Aerobatic Teams,https://www.flyingbulls.at/en/,Y
4405CD,OE-CKW,The Flying Bulls,Aviat Husky,Civ,Do A Barrel Roll,Already Has Wings,Aerobatic Teams,https://www.flyingbulls.at/en/,Y
4408E8,OE-ADM,The Flying Bulls,Beech T-34 Mentor,Civ,Do A Barrel Roll,Already Has Wings,Aerobatic Teams,https://www.flyingbulls.at/en/,Y
4405EB,OE-XDM,The Flying Bulls,Bell 47 G-3B-1,Civ,Do A Barrel Roll,Chopper,Aerobatic Teams,https://www.flyingbulls.at/en/,Y
A02A6D,N11FX,The Flying Bulls,Bell Cobra TAH-1F,Civ,Do A Barrel Roll,Chopper,Aerobatic Teams,https://www.flyingbulls.at/en/,Y
3E0282,D-HSDM,The Flying Bulls,BO 105C,Civ,Do A Barrel Roll,Chopper,Aerobatic Teams,https://www.flyingbulls.at/en/,Y
3E0526,D-HTDM,The Flying Bulls,BO 105C,Civ,Do A Barrel Roll,Chopper,Aerobatic Teams,https://www.flyingbulls.at/en/,Y
3E07CA,D-HUDM,The Flying Bulls,BO 105S,Civ,Do A Barrel Roll,Chopper,Aerobatic Teams,https://www.flyingbulls.at/en/,Y
44066E,OE-XSY,The Flying Bulls,Bristol 171 Sycamore,Civ,Do A Barrel Roll,Alright Me Baber,Aerobatic Teams,https://www.flyingbulls.at/en/,Y
ADD6B1,N991DM,The Flying Bulls,Cessna 337 Skymaster,Civ,Do A Barrel Roll,Already Has Wings,Aerobatic Teams,https://www.flyingbulls.at/en/,Y
440264,OE-EDM,The Flying Bulls,Cessna CE 208 Apmhibian,Civ,Do A Barrel Roll,Already Has Wings,Aerobatic Teams,https://www.flyingbulls.at/en/,Y
4406BC,OE-LDM,The Flying Bulls,Douglas DC-6B,Civ,Do A Barrel Roll,Already Has Wings,Aerobatic Teams,https://www.flyingbulls.at/en/,Y
44018B,OE-XFB,The Flying Bulls,Eurocopter EC135,Civ,Do A Barrel Roll,Chopper,Aerobatic Teams,https://www.flyingbulls.at/en/,Y
440886,OE-ETV,The Flying Bulls,Eurocopter Squirrel AS.350 HT2,Civ,Do A Barrel Roll,Chopper,Aerobatic Teams,https://www.flyingbulls.at/en/,Y
440383,OE-CRB,The Flying Bulls,Extra EA-300,Civ,Do A Barrel Roll,Already Has Wings,Aerobatic Teams,https://www.flyingbulls.at/en/,Y
A64B8C,N50429,The Flying Bulls,Fairchild PT-19,Civ,Do A Barrel Roll,Already Has Wings,Aerobatic Teams,https://www.flyingbulls.at/en/,Y
A2574B,N25Y,The Flying Bulls,Lockheed P-38 Lightning,Civ,Do A Barrel Roll,Already Has Wings,Aerobatic Teams,https://www.flyingbulls.at/en/,Y
A7F8F0,N6123C,The Flying Bulls,North American B-25J Mitchell,Civ,Do A Barrel Roll,Already Has Wings,Aerobatic Teams,https://www.flyingbulls.at/en/,Y
440322,OE-ESA,The Flying Bulls,North American T-28B,Civ,Do A Barrel Roll,Already Has Wings,Aerobatic Teams,https://www.flyingbulls.at/en/,Y
440136,OE-EMD,The Flying Bulls,Pilatus Porter PC-6,Civ,Do A Barrel Roll,Already Has Wings,Aerobatic Teams,https://www.flyingbulls.at/en/,Y
44042B,OE-AMM,The Flying Bulls,PT-17 Stearman,Civ,Do A Barrel Roll,Already Has Wings,Aerobatic Teams,https://www.flyingbulls.at/en/,Y
A92949,N69KL,The Flying Bulls,Sukhoi SU-29,Civ,Do A Barrel Roll,Already Has Wings,Aerobatic Teams,https://www.flyingbulls.at/en/,Y
440323,OE-EAS,The Flying Bulls,Vought F4U Corsair,Civ,Do A Barrel Roll,Already Has Wings,Aerobatic Teams,https://www.flyingbulls.at/en/,Y
43C0EE,xx177,The Red Arrows (RAF),BAe Hawk T1a,Mil,Do A Barrel Roll,Turn and Burn,Aerobatic Teams,https://www.raf.mod.uk/display-teams/red-arrows/,Y
43C0F6,xx188,The Red Arrows (RAF),BAe Hawk T1a,Mil,Do A Barrel Roll,Turn and Burn,Aerobatic Teams,https://www.raf.mod.uk/display-teams/red-arrows/,Y
43C40D,xx219,The Red Arrows (RAF),BAe Hawk T1a,Mil,Do A Barrel Roll,Turn and Burn,Aerobatic Teams,https://www.raf.mod.uk/display-teams/red-arrows/,Y
43C418,xx232,The Red Arrows (RAF),BAe Hawk T1a,Mil,Do A Barrel Roll,Turn and Burn,Aerobatic Teams,https://www.raf.mod.uk/display-teams/red-arrows/,Y
43C421,xx242,The Red Arrows (RAF),BAe Hawk T1a,Mil,Do A Barrel Roll,Turn and Burn,Aerobatic Teams,https://www.raf.mod.uk/display-teams/red-arrows/,Y
43C422,xx244,The Red Arrows (RAF),BAe Hawk T1a,Mil,Do A Barrel Roll,Turn and Burn,Aerobatic Teams,https://www.raf.mod.uk/display-teams/red-arrows/,Y
43C423,xx245,The Red Arrows (RAF),BAe Hawk T1a,Mil,Do A Barrel Roll,Turn and Burn,Aerobatic Teams,https://www.raf.mod.uk/display-teams/red-arrows/,Y
43C434,xx278,The Red Arrows (RAF),BAe Hawk T1a,Mil,Do A Barrel Roll,Turn and Burn,Aerobatic Teams,https://www.raf.mod.uk/display-teams/red-arrows/,Y
43C44A,xx310,The Red Arrows (RAF),BAe Hawk T1a,Mil,Do A Barrel Roll,Turn and Burn,Aerobatic Teams,https://www.raf.mod.uk/display-teams/red-arrows/,Y
43C44B,xx311,The Red Arrows (RAF),BAe Hawk T1a,Mil,Do A Barrel Roll,Turn and Burn,Aerobatic Teams,https://www.raf.mod.uk/display-teams/red-arrows/,Y
43C453,xx319,The Red Arrows (RAF),BAe Hawk T1a,Mil,Do A Barrel Roll,Turn and Burn,Aerobatic Teams,https://www.raf.mod.uk/display-teams/red-arrows/,Y
43C456,xx322,The Red Arrows (RAF),BAe Hawk T1a,Mil,Do A Barrel Roll,Turn and Burn,Aerobatic Teams,https://www.raf.mod.uk/display-teams/red-arrows/,Y
43C457,xx323,The Red Arrows (RAF),BAe Hawk T1a,Mil,Do A Barrel Roll,Turn and Burn,Aerobatic Teams,https://www.raf.mod.uk/display-teams/red-arrows/,Y
43C459,xx325,The Red Arrows (RAF),BAe Hawk T1a,Mil,Do A Barrel Roll,Turn and Burn,Aerobatic Teams,https://www.raf.mod.uk/display-teams/red-arrows/,Y
43C255,ZJ192,Army Air Corps,AgustaWestland Apache AH.1,Mil,Tomahawk,Brrrrrrrrrrrrrrr,Army Air Corp,http://torinak.com/qaop#!tomahawk,Y
43C257,ZJ194,Army Air Corps,AgustaWestland Apache AH.1,Mil,Tomahawk,Brrrrrrrrrrrrrrr,Army Air Corp,http://torinak.com/qaop#!tomahawk,Y
43C259,ZJ196,Army Air Corps,AgustaWestland Apache AH.1,Mil,Tomahawk,Brrrrrrrrrrrrrrr,Army Air Corp,http://torinak.com/qaop#!tomahawk,Y
43C25B,ZJ198,Army Air Corps,AgustaWestland Apache AH.1,Mil,Tomahawk,Brrrrrrrrrrrrrrr,Army Air Corp,http://torinak.com/qaop#!tomahawk,Y
43C27C,ZJ209,Army Air Corps,AgustaWestland Apache AH.1,Mil,Tomahawk,Brrrrrrrrrrrrrrr,Army Air Corp,http://torinak.com/qaop#!tomahawk,N
43C26D,ZJ216,Army Air Corps,AgustaWestland Apache AH.1,Mil,Tomahawk,Brrrrrrrrrrrrrrr,Army Air Corp,http://torinak.com/qaop#!tomahawk,Y
43C272,ZJ221,Army Air Corps,AgustaWestland Apache AH.1,Mil,Tomahawk,Brrrrrrrrrrrrrrr,Army Air Corp,http://torinak.com/qaop#!tomahawk,Y
43C274,ZJ223,Army Air Corps,AgustaWestland Apache AH.1,Mil,Tomahawk,Brrrrrrrrrrrrrrr,Army Air Corp,http://torinak.com/qaop#!tomahawk,Y
43CF30,ZZ391,Army Air Corps,AgustaWestland Apache AH.1,Mil,Tomahawk,Brrrrrrrrrrrrrrr,Army Air Corp,http://torinak.com/qaop#!tomahawk,Y
43CF32,ZZ393,Army Air Corps,AgustaWestland Apache AH.1,Mil,Tomahawk,Brrrrrrrrrrrrrrr,Army Air Corp,http://torinak.com/qaop#!tomahawk,Y
43C6BE,ZZ404,Army Air Corps,AgustaWestland Apache AH.1,Mil,Tomahawk,Brrrrrrrrrrrrrrr,Army Air Corp,http://torinak.com/qaop#!tomahawk,Y
43C6C3,ZZ409,Army Air Corps,AgustaWestland Apache AH.1,Mil,Tomahawk,Brrrrrrrrrrrrrrr,Army Air Corp,http://torinak.com/qaop#!tomahawk,Y
43C6C4,ZZ410,Army Air Corps,AgustaWestland Apache AH.1,Mil,Tomahawk,Brrrrrrrrrrrrrrr,Army Air Corp,http://torinak.com/qaop#!tomahawk,Y
43C761,ZZ520,Army Air Corps,AgustaWestland Apache AH.1,Mil,Tomahawk,Brrrrrrrrrrrrrrr,Army Air Corp,http://torinak.com/qaop#!tomahawk,Y
43C764,ZZ523,Army Air Corps,Augusta-Westland Wildcat AH.1,Mil,Choppa,Brrrrrrrrrrrrrrr,Army Air Corp,https://www.army.mod.uk/who-we-are/corps-regiments-and-units/army-air-corps/,N
43C6E9,ZZ385,Army Air Corps,AugustaWestland Wildcat AH.1,Mil,Choppa,Brrrrrrrrrrrrrrr,Army Air Corp,https://www.army.mod.uk/who-we-are/corps-regiments-and-units/army-air-corps/,N
43C72D,ZJ248,Army Air Corps,Eurocopter Squirrel AS.350 HT2,Mil,Chopper,Kung Fu Grip,Army Air Corp,https://www.army.mod.uk/who-we-are/corps-regiments-and-units/army-air-corps/,N
43C261,ZJ204,Army Air Corps,Westland WAH-64D Apache AH1,Mil,Tomahawk,Brrrrrrrrrrrrrrr,Army Air Corp,http://torinak.com/qaop#!tomahawk,N
43C07D,XW847,Army Air Corps,Westland/Aerospatiale Gazelle SA.341 AH.1,Mil,Chopper,Kung Fu Grip,Army Air Corp,https://www.army.mod.uk/who-we-are/corps-regiments-and-units/army-air-corps/,N
43C6C5,ZZ413,Royal Navy,AugustaWestland Wildcat HMA2,Mil,Choppa,Brrrrrrrrrrrrrrr,Army Air Corp,https://www.army.mod.uk/who-we-are/corps-regiments-and-units/army-air-corps/,N
3C992C,D-BFIL,Atlas Spare Parts GmbH,Embraer Legacy 450,Civ,Digger,Bizjet,As Seen on TV,https://www.atlasgmbh.com/en/products.aspx,N
3C0F31,D-AUTO,BMW,Gulfstream G550,Civ,Bizjet,Not A Car,As Seen on TV,https://www.bmwgroup.com/en.html,N
A83D76,N63XF,Comcast Corp,Gulfstream G650 ER,Civ,Bizjet,Choppa,As seen on TV,https://www.youtube.com/watch?v=vbHqUNl8YFk&t=6s,N
A62C34,N497XP,DFS Furniture Company,Raytheon Aircraft Company 400 XP,Civ,Bizjet,Sale Must End Soon,As Seen on TV,https://www.youtube.com/watch?v=DGkhTEZWle4,N
A88E0D,N650PP,Gaseosas Posada Tobon SA Postobon SA,Bombardier Challenger 650,Civ,Bizjet,Wrong Turn At Albuquerque,As Seen on TV,https://www.postobon.com/,N
A7C7E6,N600GS,Gulfstream Aerospace Corp,Gulfstream GVII-G500,Civ,Bizjet,Ooh Get You,As seen on TV,https://www.gulfstream.com/en/,N
A2CEA4,N280GU,Gulfstream Aerospace LP,Gulfstream G280,Civ,Bizjet,Ooh Get You,As Seen on TV,https://www.gulfstream.com/en/,N
ACC647,N922H,Honeywell International Inc,Gulfstream G650,Civ,Bizjet,Ooh Get You,As seen on TV,https://www.honeywell.com/us/en,N
43E9B5,M-FRZN,Iceland Frozen Foods,Bombardier Challenger 605,Civ,Bizjet,Ooh Get You,As seen on TV,https://www.youtube.com/watch?v=7-EVAH3HaB0,N
43E9D5,M-JCBB,JC Bamford Excavators,Gulfstream G650,Civ,Bizjet,Digger,As seen on TV,https://youtu.be/nLuoCl8ZA2M?t=8,N
A63AB8,N500J,Johnson & Johnson,Gulfstream G550,Civ,Bizjet,Must Be Nice,As seen on TV,https://www.jnj.com/,N
A4AD69,N400J,Johnson & Johnson,Gulfstream G650 ER,Civ,Bizjet,Loooong Raaaaaange,As seen on TV,https://www.jnj.com/,N
AAE2A5,N800J,Johnson & Johnson,Gulfstream G650 ER,Civ,Bizjet,Loooong Raaaaaange,As seen on TV,https://www.jnj.com/,N
A7CEE7,N602CH,JP Morgan Chase Bank,Gulfstream G600,Civ,Bizjet,Not so VIP,As Seen on TV,https://www.youtube.com/watch?v=dvYvQeNeq3A,N
AC404F,N889LS,Las Vegas Sands Corp,Boeing 737-NG 73T/W BBJ,Civ,Bizjet,Ooh Get You,As Seen on TV,https://www.youtube.com/watch?v=BQtn9q_wjdE,N
AAA438,N785MM,Mandalay Resort Group,Embraer Lineage 1000 E,Civ,Bizjet,Ooh Get You,As Seen on TV,https://en.wikipedia.org/wiki/Mandalay_Resort_Group,N
7618CC,AP-FFL,Pak-Arab Fertilizers,Bombardier Challenger 605,Civ,Bizjet,Ooh Get You,As seen on TV,https://www.youtube.com/watch?v=7-EVAH3HaB0,N
43EA86,M-ABJA,Ryanair,Bombardier Learjet 45 XR,Civ,Bizjet,Must Be Nice,As Seen on TV,https://www.google.com/search?gs_ssp=eJzj4tTP1TcwLiizLDJg9OLPzUzOSEzNUchXyElNLKoEAHlfCPw&q=michael+o+leary&oq=michael+o+&aqs=chrome.1.69i57j46l4j69i60l3.3711j0j9&sourceid=chrome&ie=UTF-8,N
4243BC,VQ-BXG,Shell Aviation Ltd,Dassault Falcon 8X,Civ,Bizjet,Ooh Get You,As Seen on TV,https://www.shell.co.uk/business-customers/shell-aviation.html,N
4400C7,OE-IDM,The Flying Bulls,Dassault Falcon 900EX,Civ,Bizjet,Ooh Get You,As seen on TV,https://www.flyingbulls.at/en/,Y
43E907,M-TSRI,Timpson Ltd,Beechcraft Corp King Air C90GTX,Civ,Bizjet,Ooh Get You,As seen on TV,https://www.timpson.co.uk/,N
3C5C45,D-AGBE,Volkswagen Air Service GmbH,Dassault Falcon 7X,Civ,Bizjet,Dieselgate,As Seen on TV,https://de.wikipedia.org/wiki/Volkswagen_Airservice,N
3C5C46,D-AGBF,Volkswagen Air Service GmbH,Dassault Falcon 7X,Civ,Bizjet,Dieselgate,As Seen on TV,https://de.wikipedia.org/wiki/Volkswagen_Airservice,N
AE5C8E,D-AGBG,Volkswagen Air Service GmbH,Dassault Falcon 7X,Civ,Bizjet,Dieselgate,As Seen on TV,https://de.wikipedia.org/wiki/Volkswagen_Airservice,N
3C5C48,D-AGBH,Volkswagen Air Service GmbH,Dassault Falcon 7X,Civ,Bizjet,Dieselgate,As Seen on TV,https://de.wikipedia.org/wiki/Volkswagen_Airservice,N
3C5C49,D-AGBI,Volkswagen Air Service GmbH,Dassault Falcon 7X,Civ,Bizjet,Dieselgate,As Seen on TV,https://de.wikipedia.org/wiki/Volkswagen_Airservice,N
4001DB,VP-CLB,Volkswagen Air Service GmbH,Dassault Falcon 7X,Civ,Bizjet,Dieselgate,As Seen on TV,https://de.wikipedia.org/wiki/Volkswagen_Airservice,N
3C5C41,D-AGBA,Volkswagen Air Service GmbH,Dassault Falcon 8X,Civ,Bizjet,Dieselgate,As Seen on TV,https://de.wikipedia.org/wiki/Volkswagen_Airservice,N
3C5C42,D-AGBB,Volkswagen Air Service GmbH,Dassault Falcon 8X,Civ,Bizjet,Dieselgate,As Seen on TV,https://de.wikipedia.org/wiki/Volkswagen_Airservice,N
3CF774,D-CVAA,Volkswagen Air Service GmbH,Pilatus PC-24,Civ,Bizjet,Dieselgate,As Seen on TV,https://de.wikipedia.org/wiki/Volkswagen_Airservice,N
3CF775,D-CVAB,Volkswagen Air Service GmbH,Pilatus PC-24,Civ,Bizjet,Dieselgate,As Seen on TV,https://de.wikipedia.org/wiki/Volkswagen_Airservice,N
43C392,PA474,Battle of Britiain Memorial Flight,Avro Lancaster B1,Mil,History,Speak Up Sonny,Battle of Britiain Memorial Flight,https://www.raf.mod.uk/display-teams/battle-of-britain-memorial-flight/,Y
43C38E,WG518,Battle of Britiain Memorial Flight,DHC1 Chipmunk T10,Mil,History,Speak Up Sonny,Battle of Britiain Memorial Flight,https://www.raf.mod.uk/display-teams/battle-of-britain-memorial-flight/,Y
43C38D,WG846,Battle of Britiain Memorial Flight,DHC1 Chipmunk T10,Mil,History,Speak Up Sonny,Battle of Britiain Memorial Flight,https://www.raf.mod.uk/display-teams/battle-of-britain-memorial-flight/,Y
43C38F,ZA947,Battle of Britiain Memorial Flight,Douglas C47A Dakota,Mil,History,Speak Up Sonny,Battle of Britiain Memorial Flight,https://www.raf.mod.uk/display-teams/battle-of-britain-memorial-flight/,Y
43C390,LF363,Battle of Britiain Memorial Flight,Hawker Hurricane Iic,Mil,History,Speak Up Sonny,Battle of Britiain Memorial Flight,https://www.raf.mod.uk/display-teams/battle-of-britain-memorial-flight/,Y
43C391,PZ865,Battle of Britiain Memorial Flight,Hawker Hurricane Iic,Mil,History,Speak Up Sonny,Battle of Britiain Memorial Flight,https://www.raf.mod.uk/display-teams/battle-of-britain-memorial-flight/,Y
43C393,P7350,Battle of Britiain Memorial Flight,Supermarine Spitfire Iia,Mil,History,Speak Up Sonny,Battle of Britiain Memorial Flight,https://www.raf.mod.uk/display-teams/battle-of-britain-memorial-flight/,Y
43C395,MK356,Battle of Britiain Memorial Flight,Supermarine Spitfire LFIXe,Mil,History,Speak Up Sonny,Battle of Britiain Memorial Flight,https://www.raf.mod.uk/display-teams/battle-of-britain-memorial-flight/,Y
43C396,TE311,Battle of Britiain Memorial Flight,Supermarine Spitfire LFIXe,Mil,History,Speak Up Sonny,Battle of Britiain Memorial Flight,https://www.raf.mod.uk/display-teams/battle-of-britain-memorial-flight/,Y
43C394,AB910,Battle of Britiain Memorial Flight,Supermarine Spitfire LFVb,Mil,History,Speak Up Sonny,Battle of Britiain Memorial Flight,https://www.raf.mod.uk/display-teams/battle-of-britain-memorial-flight/,Y
43C397,PM631,Battle of Britiain Memorial Flight,Supermarine Spitfire PRXIX,Mil,History,Speak Up Sonny,Battle of Britiain Memorial Flight,https://www.raf.mod.uk/display-teams/battle-of-britain-memorial-flight/,Y
43C398,PS915,Battle of Britiain Memorial Flight,Supermarine Spitfire PRXIX,Mil,History,Speak Up Sonny,Battle of Britiain Memorial Flight,https://www.raf.mod.uk/display-teams/battle-of-britain-memorial-flight/,Y
A0D90E,N154AC,Erickson Air-Crane,S-64E Skycrane,Civ,Skycrane,Thunderbird 2,Big Hello,https://en.wikipedia.org/wiki/Sikorsky_S-64_Skycrane,Y
A1008D,N164AC,Erickson Air-Crane,S-64E Skycrane,Civ,Skycrane,Thunderbird 2,Big Hello,https://en.wikipedia.org/wiki/Sikorsky_S-64_Skycrane,Y
A1209E,N172AC,Erickson Air-Crane,S-64E Skycrane,Civ,Skycrane,Thunderbird 2,Big Hello,https://en.wikipedia.org/wiki/Sikorsky_S-64_Skycrane,Y
A12455,N173AC,Erickson Air-Crane,S-64E Skycrane,Civ,Skycrane,Thunderbird 2,Big Hello,https://en.wikipedia.org/wiki/Sikorsky_S-64_Skycrane,Y
A12F7A,N176AC,Erickson Air-Crane,S-64E Skycrane,Civ,Skycrane,Thunderbird 2,Big Hello,https://en.wikipedia.org/wiki/Sikorsky_S-64_Skycrane,Y
A1621E,N189AC,Erickson Air-Crane,S-64E Skycrane,Civ,Skycrane,Thunderbird 2,Big Hello,https://en.wikipedia.org/wiki/Sikorsky_S-64_Skycrane,Y
A1770A,N194AC,Erickson Air-Crane,S-64E Skycrane,Civ,Skycrane,Thunderbird 2,Big Hello,https://en.wikipedia.org/wiki/Sikorsky_S-64_Skycrane,Y
A1D386,N217AC,Erickson Air-Crane,S-64E Skycrane,Civ,Skycrane,Thunderbird 2,Big Hello,https://en.wikipedia.org/wiki/Sikorsky_S-64_Skycrane,Y
A1D73D,N218AC,Erickson Air-Crane,S-64E Skycrane,Civ,Skycrane,Thunderbird 2,Big Hello,https://en.wikipedia.org/wiki/Sikorsky_S-64_Skycrane,Y
A23B27,N243AC,Erickson Air-Crane,S-64E Skycrane,Civ,Skycrane,Thunderbird 2,Big Hello,https://en.wikipedia.org/wiki/Sikorsky_S-64_Skycrane,Y
A24A03,N247AC,Erickson Air-Crane,S-64E Skycrane,Civ,Skycrane,Thunderbird 2,Big Hello,https://en.wikipedia.org/wiki/Sikorsky_S-64_Skycrane,Y
A943AE,N6962R,Erickson Air-Crane,S-64E Skycrane,Civ,Skycrane,Thunderbird 2,Big Hello,https://en.wikipedia.org/wiki/Sikorsky_S-64_Skycrane,Y
A97153,N7073C,Erickson Air-Crane,S-64E Skycrane,Civ,Skycrane,Thunderbird 2,Big Hello,https://en.wikipedia.org/wiki/Sikorsky_S-64_Skycrane,Y
AD4EAB,N957AC,Erickson Air-Crane,S-64E Skycrane,Civ,Skycrane,Thunderbird 2,Big Hello,https://en.wikipedia.org/wiki/Sikorsky_S-64_Skycrane,Y
A0E7EA,N158AC,Erickson Air-Crane,S-64F Skycrane,Civ,Skycrane,Thunderbird 2,Big Hello,https://en.wikipedia.org/wiki/Sikorsky_S-64_Skycrane,Y
A0EBA1,N159AC,Erickson Air-Crane,S-64F Skycrane,Civ,Skycrane,Thunderbird 2,Big Hello,https://en.wikipedia.org/wiki/Sikorsky_S-64_Skycrane,Y
A11CE7,N171AC,Erickson Air-Crane,S-64F Skycrane,Civ,Skycrane,Thunderbird 2,Big Hello,https://en.wikipedia.org/wiki/Sikorsky_S-64_Skycrane,Y
A4CB13,N408HL,Heavy Lift Helicopters,CH-54A Tarhe,Civ,Skycrane,Thunderbird 2,Big Hello,https://en.wikipedia.org/wiki/Sikorsky_S-64_Skycrane,Y
A54E4D,N44094,Heavy Lift Helicopters,CH-54A Tarhe,Civ,Skycrane,Thunderbird 2,Big Hello,https://en.wikipedia.org/wiki/Sikorsky_S-64_Skycrane,Y
AAC0034,N792HT,Helicopter Transport Services,CH-54A Tarhe,Civ,Skycrane,Thunderbird 2,Big Hello,https://en.wikipedia.org/wiki/Sikorsky_S-64_Skycrane,Y
AAC3EB,N793HT,Helicopter Transport Services,CH-54A Tarhe,Civ,Skycrane,Thunderbird 2,Big Hello,https://en.wikipedia.org/wiki/Sikorsky_S-64_Skycrane,Y
AACB59,N795HT,Helicopter Transport Services,CH-54A Tarhe,Civ,Skycrane,Thunderbird 2,Big Hello,https://en.wikipedia.org/wiki/Sikorsky_S-64_Skycrane,Y
A98F61,N715HT,Helicopter Transport Services,CH-54B Tarhe,Civ,Skycrane,Thunderbird 2,Big Hello,https://en.wikipedia.org/wiki/Sikorsky_S-64_Skycrane,Y
A99318,N716HT,Helicopter Transport Services,CH-54B Tarhe,Civ,Skycrane,Thunderbird 2,Big Hello,https://en.wikipedia.org/wiki/Sikorsky_S-64_Skycrane,Y
A99A86,N718HT,Helicopter Transport Services,CH-54B Tarhe,Civ,Skycrane,Thunderbird 2,Big Hello,https://en.wikipedia.org/wiki/Sikorsky_S-64_Skycrane,Y
A9A44D,N720HT,Helicopter Transport Services,CH-54B Tarhe,Civ,Skycrane,Thunderbird 2,Big Hello,https://en.wikipedia.org/wiki/Sikorsky_S-64_Skycrane,Y
A9A804,N721HT,Helicopter Transport Services,CH-54B Tarhe,Civ,Skycrane,Thunderbird 2,Big Hello,https://en.wikipedia.org/wiki/Sikorsky_S-64_Skycrane,Y
A99E3D,N917HT,Helicopter Transport Services,CH-54B Tarhe,Civ,Skycrane,Thunderbird 2,Big Hello,https://en.wikipedia.org/wiki/Sikorsky_S-64_Skycrane,Y
71CC42,HL9442,Korean Forest Service,CH-54A Tarhe,Civ,Skycrane,Thunderbird 2,Big Hello,https://en.wikipedia.org/wiki/Sikorsky_S-64_Skycrane,Y
71CC43,HL9443,Korean Forest Service,CH-54A Tarhe,Civ,Skycrane,Thunderbird 2,Big Hello,https://en.wikipedia.org/wiki/Sikorsky_S-64_Skycrane,Y
71CC44,HL9444,Korean Forest Service,CH-54A Tarhe,Civ,Skycrane,Thunderbird 2,Big Hello,https://en.wikipedia.org/wiki/Sikorsky_S-64_Skycrane,Y
A4D1AF,HL9650,Korean Forest Service,S-64E Skycrane,Civ,Skycrane,Thunderbird 2,Big Hello,https://en.wikipedia.org/wiki/Sikorsky_S-64_Skycrane,Y
ACA12C,N9125M,Siller Helicopters Inc,CH-54A Tarhe,Civ,Skycrane,Thunderbird 2,Big Hello,https://en.wikipedia.org/wiki/Sikorsky_S-64_Skycrane,Y
A4BADE,N4035S,Siller Helicopters Inc,S-64E Skycrane,Civ,Skycrane,Thunderbird 2,Big Hello,https://en.wikipedia.org/wiki/Sikorsky_S-64_Skycrane,Y
A4BB24,N4037S,Siller Helicopters Inc,S-64E Skycrane,Civ,Skycrane,Thunderbird 2,Big Hello,https://en.wikipedia.org/wiki/Sikorsky_S-64_Skycrane,Y
A1822F,I-CFAI,Vigili del Fuoco,S-64F Skycrane,Civ,Skycrane,Thunderbird 2,Big Hello,https://en.wikipedia.org/wiki/Sikorsky_S-64_Skycrane,Y
A22284,I-CFAM,Vigili del Fuoco,S-64F Skycrane,Civ,Skycrane,Thunderbird 2,Big Hello,https://en.wikipedia.org/wiki/Sikorsky_S-64_Skycrane,Y
A0FCD6,N163AC,Wells Fargo Trust,S-64F Skycrane,Civ,Skycrane,Thunderbird 2,Big Hello,https://en.wikipedia.org/wiki/Sikorsky_S-64_Skycrane,Y
400778,G-SWRD,2 Excel Aviation (Broadsword),Boeing 737-300 VIP,Civ,Must Be Nice,VIP,Bizjets,https://www.2excelaviation.com/our-activity/,N
4072CE,G-TGPG,2 Excel Aviation (Broadsword),Boeing 737-300 VIP,Civ,Must Be Nice,VIP,Bizjets,https://www.2excelaviation.com/our-activity/,N
ABDE66,N864HD,Aircraft Guaranty Corp Trustee,Piaggio P-180 Avanti II,Civ,How Does It Fly,Id Get That Seen Too,Bizjets,https://i.pinimg.com/originals/46/de/d9/46ded91e94bc791c81948a6934e9f31b.jpg,N
896591,A6-RAS,DC Aviation Al-Futtaim,Bombardier Challenger 604,Civ,Must Be Nice,Bizjet,Bizjets,https://www.dc-aviation.ae/,N
A324A9,N301SR,Essar Shipping and Logistics Ltd,Boeing 737-NG 7JV BBJ/W,Civ,Bizjet,Absolute Unit,Bizjets,https://en.wikipedia.org/wiki/Boeing_Business_Jet,N
A9E51E,N737AT,Hillwood Airways,Boeing 737-NG BBJ,Civ,Bizjet,Absolute Unit,Bizjets,https://en.wikipedia.org/wiki/Boeing_Business_Jet,N
3989E4,F-HCPE,Oyonnair,Piaggio P-180 Avanti II,Civ,How Does It Fly,Id Get That Seen Too,Bizjets,https://i.pinimg.com/originals/46/de/d9/46ded91e94bc791c81948a6934e9f31b.jpg,N
A6E07B,N542MP,Pans UK Holdings Ltd,Honda Jet,Civ,How Does It Fly,Id Get That Seen Too,Bizjets,https://www.hondajet.com/,N
A9E60B,N737LE,Polaris Aviation Solutions,Boeing 737-NG BBJ,Civ,Bizjet,Absolute Unit,Bizjets,https://en.wikipedia.org/wiki/Boeing_Business_Jet,N
3D069D,D-EATH,Private Owner,Piper PA-28,Civ,Wheelbarrow,Jesus He Knows Me,Bizjets,https://en.wikipedia.org/wiki/Death_(Discworld),N
06A1C6,A7-CGA,Qatar Executive,Gulfstream G650 ER,Civ,Loooong Raaaaaange,Private Airline,Bizjets,https://www.qatarexec.com.qa/,N
06A1C9,A7-CGD,Qatar Executive,Gulfstream G650 ER,Civ,Ooh Get You,Private Airline,Bizjets,https://www.qatarexec.com.qa/,N
06A1CA,A7-CGE,Qatar Executive,Gulfstream G650 ER,Civ,Ooh Get You,Private Airline,Bizjets,https://www.qatarexec.com.qa/,N
06A1D4,A7-CGP,Qatar Executive,Gulfstream GVII-G500,Civ,Ooh Get You,Private Airline,Bizjets,https://www.qatarexec.com.qa/,N
06A1D5,A7-CGQ,Qatar Executive,Gulfstream GVII-G500,Civ,Ooh Get You,Private Airline,Bizjets,https://www.qatarexec.com.qa/,N
06A1D6,A7-CGR,Qatar Executive,Gulfstream GVII-G500,Civ,Ooh Get You,Private Airline,Bizjets,https://www.qatarexec.com.qa/,N
06A1D7,A7-CGS,Qatar Executive,Gulfstream GVII-G500,Civ,Ooh Get You,Private Airline,Bizjets,https://www.qatarexec.com.qa/,N
400143,VP-BWR,USAL Ltd,Boeing 737-NG BBJ,Civ,Bizjet,Absolute Unit,Bizjets,https://live.staticflickr.com/4426/36458778366_cee1b0574c_b.jpg,N
3B7B22,F-ZBGO,Douane (French Customs),Beechcraft Corp King Air B350,Gov,Eye In The Sky,You Aint Seen Me Right,Coastguard,https://www.douane.gouv.fr/,Y
406DE9,G-MCGT,HM Coastguard,AgustaWestland AW.189,Gov,Chopper,Mae West,Coastguard,https://www.gov.uk/government/organisations/maritime-and-coastguard-agency,Y
406DEA,G-MCGU,HM Coastguard,AgustaWestland AW.189,Gov,Choppa,Mae West,Coastguard,https://www.gov.uk/government/organisations/maritime-and-coastguard-agency,Y
406DED,G-MCGX,HM Coastguard,AgustaWestland AW.189,Gov,Chopper,Mae West,Coastguard,https://www.gov.uk/government/organisations/maritime-and-coastguard-agency,Y
407814,G-HMGA,HM Coastguard,Beechcraft King Air B200,Gov,Specialist,Mae West,Coastguard,https://www.gov.uk/government/organisations/maritime-and-coastguard-agency,Y
407843,G-HMGB,HM Coastguard,Beechcraft King Air B200,Gov,Specialist,Mae West,Coastguard,https://www.gov.uk/government/organisations/maritime-and-coastguard-agency,Y
406DDB,G-MCGJ,HM Coastguard,Sikorsky S-92A,Gov,Choppa,Mae West,Coastguard,https://www.gov.uk/government/organisations/maritime-and-coastguard-agency,Y
406EE7,G-MCGY,HM Coastguard,Sikorsky S-92A,Gov,Choppa,Mae West,Coastguard,https://www.gov.uk/government/organisations/maritime-and-coastguard-agency,Y
406F2D,G-MCGZ,HM Coastguard,Sikorsky S-92A,Gov,Choppa,Mae West,Coastguard,https://www.gov.uk/government/organisations/maritime-and-coastguard-agency,Y
406DEB,G-MCGV,HM Coastguard ,AgustaWestland AW.189,Gov,Chopper,Mae West,Coastguard,https://www.gov.uk/government/organisations/maritime-and-coastguard-agency,Y
403BAB,G-LEAF,HM Coastguard (Reconnaissance Ventures Ltd),Cessna F406 Caravan II,Gov,Eye In The Sky,You Aint Seen Me Right,Coastguard,https://www.gov.uk/government/organisations/maritime-and-coastguard-agency,Y
4CC468,TF-SIF,Icelandic Coast Guard,Bombardier DHC-8 314Q,Gov,Mae West,Wrong Turn At Albuquerque,Coastguard,https://www.gov.uk/government/organisations/maritime-and-coastguard-agency,Y
4CC51C,TF-EIR,Icelandic Coast Guard,Eurocopter EC225 Super Puma,Gov,Mae West,Wrong Turn At Albuquerque,Coastguard,https://en.wikipedia.org/wiki/Icelandic_Coast_Guard,Y
4CC531,TF-GRO,Icelandic Coast Guard,Eurocopter EC225 Super Puma,Gov,Mae West,Wrong Turn At Albuquerque,Coastguard,https://en.wikipedia.org/wiki/Icelandic_Coast_Guard,Y
AE5F07,C202,United States Coast Guard,Gulfstream G550,Mil,Ooh Get You,Bizjet,Coastguard,https://www.gov.uk/government/organisations/maritime-and-coastguard-agency,Y
508003,UR-82029,Antonov Airlines,Antonov An-124 100,Civ,Absolute Unit,Vashe Zdorovye,Da Comrade,https://en.wikipedia.org/wiki/Antonov_An-124_Ruslan,Y
50801C,UR-82008,Antonov Airlines,Antonov An-124 100M-150,Civ,Absolute Unit,Vashe Zdorovye,Da Comrade,https://en.wikipedia.org/wiki/Antonov_An-124_Ruslan,Y
508035,UR-82060,Antonov Airlines,Antonov An-225 Mriya,Civ,Absolute Unit,Cool,Da Comrade,https://www.youtube.com/watch?v=6sggQqdvqHs,Y
50822D,UR-CNN,Cavok Air,Antonov An-12 B,Civ,Ere Me Now,Old,Da Comrade,https://youtu.be/BDn2iGWE4Ec?t=18,Y
508179,UR-CJN,Cavok Air,Antonov An-12 TB,Civ,Ere Me Now,Old,Da Comrade,https://youtu.be/BDn2iGWE4Ec?t=18,Y
5080D5,UR-CSJ,Eleron,Antonov An-26 B,Civ,Got It Where It Counts,Vashe Zdorovye,Da Comrade,https://en.wikipedia.org/wiki/Antonov_An-26,Y
50815D,UR-CAJ,Meridian,Antonov An-12 BK,Civ,Ere Me Now,Vashe Zdorovye,Da Comrade,https://youtu.be/BDn2iGWE4Ec?t=18,Y
4049FA,G-CCJK,Private,Aerostar Yak-52,Civ,Vashe Zdorovye,Old,Da Comrade,https://en.wikipedia.org/wiki/Yakovlev_Yak-52,Y
4069C9,G-YAKJ,Private Owner,Yakovlev Yak-18T,Civ,You Came Here In That Thing,Vashe Zdorovye,Da Comrade,https://en.wikipedia.org/wiki/Yakovlev_Yak-18T,Y
510099,EW-450TR,Rada Airlines,Ilyushin IL-62 MGR,Civ,Cargo,Vashe Zdorovye,Da Comrade,https://en.wikipedia.org/wiki/Ilyushin_Il-62,Y
5100C7,EW-484TI,Ruby Star Airways,Antonov An-12 BP,Civ,Ere Me Now,Vashe Zdorovye,Da Comrade,https://youtu.be/BDn2iGWE4Ec?t=18,Y
15407C,RA-82044,Volga-Dnepr Airlines,Antonov An-124 100,Civ,Absolute Unit,Vashe Zdorovye,Da Comrade,https://en.wikipedia.org/wiki/Antonov_An-124_Ruslan,Y
15407E,RA-82046,Volga-Dnepr Airlines,Antonov An-124 100,Civ,Absolute Unit,Vashe Zdorovye,Da Comrade,https://en.wikipedia.org/wiki/Antonov_An-124_Ruslan,Y
15407F,RA-82047,Volga-Dnepr Airlines,Antonov An-124 100,Civ,Absolute Unit,Vashe Zdorovye,Da Comrade,https://en.wikipedia.org/wiki/Antonov_An-124_Ruslan,Y
15409D,RA-82077,Volga-Dnepr Airlines,Antonov An-124 100,Civ,Absolute Unit,Vashe Zdorovye,Da Comrade,https://en.wikipedia.org/wiki/Antonov_An-124_Ruslan,Y
15409E,RA-82078,Volga-Dnepr Airlines,Antonov An-124 100,Civ,Absolute Unit,Vashe Zdorovye,Da Comrade,https://en.wikipedia.org/wiki/Antonov_An-124_Ruslan,Y
5083A2,UR-CQD,Vulkan Air,Antonov An-26 B,Civ,Vashe Zdorovye,Vashe Zdorovye,Da Comrade,https://vulkanair.com/,Y
5083C0,UR-CQV,Vulkan Air,Antonov An-26 B,Civ,Vashe Zdorovye,Vashe Zdorovye,Da Comrade,https://vulkanair.com/,Y
89621F,A6DLM,Abu Dhabi Amiri Flight,Airbus A320-212,Gov,Dictator Alert,Khalifa Al Nahyan,Dictator Alert,https://data.dictatoralert.org/dictatorships/,N
8960B1,A6AUH,Abu Dhabi Amiri Flight,Boeing 737-NG8EXBBJ2,Gov,Dictator Alert,Khalifa Al Nahyan,Dictator Alert,https://data.dictatoralert.org/dictatorships/,N
896101,A6UAE,Abu Dhabi Amiri Flight,Boeing 747-48E(M),Gov,Dictator Alert,Khalifa Al Nahyan,Dictator Alert,https://data.dictatoralert.org/dictatorships/,N
896060,A6YAS,Abu Dhabi Amiri Flight,Boeing 747-4F6,Gov,Dictator Alert,Khalifa Al Nahyan,Dictator Alert,https://data.dictatoralert.org/dictatorships/,N
8962E9,A6PFA,Abu Dhabi Amiri Flight,Boeing 747-8Z5,Gov,Dictator Alert,Khalifa Al Nahyan,Dictator Alert,https://data.dictatoralert.org/dictatorships/,N
896264,A6ALN,Abu Dhabi Amiri Flight,Boeing 777-2ANER,Gov,Dictator Alert,Khalifa Al Nahyan,Dictator Alert,https://data.dictatoralert.org/dictatorships/,N
89629F,A6SIL,Abu Dhabi Amiri Flight,Boeing 777-35RER,Gov,Dictator Alert,Khalifa Al Nahyan,Dictator Alert,https://data.dictatoralert.org/dictatorships/,N
89636E,A6PFC,Abu Dhabi Amiri Flight,Boeing 787-8,Gov,Dictator Alert,Khalifa Al Nahyan,Dictator Alert,https://data.dictatoralert.org/dictatorships/,N
78048C,B-6130,Air China,Airbus A330-243,Gov,Dictator Alert,Xi Jinping,Dictator Alert,https://data.dictatoralert.org/dictatorships/,N
7BC006,B-2479,Air China,Boeing 747-89L,Gov,Dictator Alert,Xi Jinping,Dictator Alert,https://data.dictatoralert.org/dictatorships/,N
72779A,P-885,Air Koryo,Ilyushin IL-62M,Gov,Dictator Alert,Kim Jong-un,Dictator Alert,https://data.dictatoralert.org/dictatorships/,N
00415C,Z-WPE,Air Zimbabwe,Boeing 767-2N0(ER),Gov,Dictator Alert,Emmerson Mnangagwa,Dictator Alert,https://data.dictatoralert.org/dictatorships/,N
00412D,Z-WPF,Air Zimbabwe,Boeing 767-2N0(ER),Gov,Dictator Alert,Emmerson Mnangagwa,Dictator Alert,https://data.dictatoralert.org/dictatorships/,N
894014,A9CHMK,Bahrain Amiri Flight,Boeing 747-4P8,Gov,Dictator Alert,Hamad bin Isa Al Khalifa,Dictator Alert,https://data.dictatoralert.org/dictatorships/,N
89404D,A9CHMH,Bahrain Amiri Flight,Boeing 767-4FSER,Gov,Dictator Alert,Hamad bin Isa Al Khalifa,Dictator Alert,https://data.dictatoralert.org/dictatorships/,N
894055,A9CBHR,Bahrain Amiri Flight,Gulfstream G450,Gov,Dictator Alert,Hamad bin Isa Al Khalifa,Dictator Alert,https://data.dictatoralert.org/dictatorships/,N
894060,A9CBRN,Bahrain Amiri Flight,Gulfstream G550,Gov,Dictator Alert,Hamad bin Isa Al Khalifa,Dictator Alert,https://data.dictatoralert.org/dictatorships/,N
89407F,A9CBAH,Bahrain Amiri Flight,Gulfstream G650,Gov,Dictator Alert,Hamad bin Isa Al Khalifa,Dictator Alert,https://data.dictatoralert.org/dictatorships/,N
894001,A9CBRF,Bahrain Amiri Flight,Gulfstream G650,Gov,Dictator Alert,Hamad bin Isa Al Khalifa,Dictator Alert,https://data.dictatoralert.org/dictatorships/,N
894042,A9CAWL,Bahrain Defence Force,Avro 146-RJ100,Gov,Dictator Alert,Hamad bin Isa Al Khalifa,Dictator Alert,https://data.dictatoralert.org/dictatorships/,N
894011,A9CBDF,Bahrain Defence Force,Avro 146-RJ85,Gov,Dictator Alert,Hamad bin Isa Al Khalifa,Dictator Alert,https://data.dictatoralert.org/dictatorships/,N
894016,A9CHWR,Bahrain Defence Force,Avro 146-RJ85,Gov,Dictator Alert,Hamad bin Isa Al Khalifa,Dictator Alert,https://data.dictatoralert.org/dictatorships/,N
894081,A9CISA,Bahrain Defence Force,Boeing 737-NG86JW,Gov,Dictator Alert,Hamad bin Isa Al Khalifa,Dictator Alert,https://data.dictatoralert.org/dictatorships/,N
152A60,RA-76384,CEIBA Cargo,Ilyushin IL-76TD-90VD,Gov,Dictator Alert,Teodoro Obiang Nguema Mbasogo,Dictator Alert,https://data.dictatoralert.org/dictatorships/,N
495238,CSTQX,Ceiba Intercontinental,Boeing 777-2FBLR,Gov,Dictator Alert,Teodoro Obiang Nguema Mbasogo,Dictator Alert,https://data.dictatoralert.org/dictatorships/,N
0D80AE,YV1004,Conviasa,Airbus A340-211,Gov,Dictator Alert,Nicolás Maduro,Dictator Alert,https://data.dictatoralert.org/dictatorships/,N
0D81EC,YV3016,Conviasa,Embraer EMB-190STD,Gov,Dictator Alert,Nicolás Maduro,Dictator Alert,https://data.dictatoralert.org/dictatorships/,N
0D8373,YV2984,Conviasa/ Venezuelan Government,Airbus A319-133X,Gov,Dictator Alert,Nicolás Maduro,Dictator Alert,https://data.dictatoralert.org/dictatorships/,N
AA3410,N757AF,DJT Operations,Boeing 757-200,Civ,Orange Danger,Original Nuttah,Dictator Alert,https://data.dictatoralert.org/dictatorships/,N
A9B67C,N725DT,DT Endeavour,Cessna 750,Civ,Orange Danger,Original Nuttah,Dictator Alert,https://data.dictatoralert.org/dictatorships/,N
8961DB,A6-RJ1,Dubai Air Wing,Avro 146-RJ85,Gov,Dictator Alert,Rashid Al Maktoum,Dictator Alert,https://data.dictatoralert.org/dictatorships/,N
8961DC,A6-RJ2,Dubai Air Wing,Avro 146-RJ85,Gov,Dictator Alert,Rashid Al Maktoum,Dictator Alert,https://data.dictatoralert.org/dictatorships/,N
89605A,A6-HRS,Dubai Air Wing,Boeing 737-NG7E0BBJ,Gov,Dictator Alert,Rashid Al Maktoum,Dictator Alert,https://data.dictatoralert.org/dictatorships/,N
896103,A6-HEH,Dubai Air Wing,Boeing 737-NG8AJBBJ2,Gov,Dictator Alert,Rashid Al Maktoum,Dictator Alert,https://data.dictatoralert.org/dictatorships/,N
89615A,A6-MRS,Dubai Air Wing,Boeing 737-NG8E0BBJ2,Gov,Dictator Alert,Rashid Al Maktoum,Dictator Alert,https://data.dictatoralert.org/dictatorships/,N
89607A,A6-MRM,Dubai Air Wing,Boeing 737-NG8ECBBJ2,Gov,Dictator Alert,Rashid Al Maktoum,Dictator Alert,https://data.dictatoralert.org/dictatorships/,N
896430,A6-FZZ,Dubai Air Wing,Boeing 737-NG8KNWBBJ2,Gov,Dictator Alert,Rashid Al Maktoum,Dictator Alert,https://data.dictatoralert.org/dictatorships/,N
896272,A6-GGP,Dubai Air Wing,Boeing 747-412F,Gov,Dictator Alert,Rashid Al Maktoum,Dictator Alert,https://data.dictatoralert.org/dictatorships/,N
8960B4,A6-HRM,Dubai Air Wing,Boeing 747-422,Gov,Dictator Alert,Rashid Al Maktoum,Dictator Alert,https://data.dictatoralert.org/dictatorships/,N
8960AE,A6-MMM,Dubai Air Wing,Boeing 747-422,Gov,Dictator Alert,Rashid Al Maktoum,Dictator Alert,https://data.dictatoralert.org/dictatorships/,N
8961B4,A6-COM,Dubai Air Wing,Boeing 747-433SCD,Gov,Dictator Alert,Rashid Al Maktoum,Dictator Alert,https://data.dictatoralert.org/dictatorships/,N
89652F,A6--HHH,Dubai Air Wing,Gulfstream G650,Mil,Dictator Alert,Rashid Al Maktoum,Dictator Alert,https://data.dictatoralert.org/dictatorships/,N
896438,A6-HHH,Dubai Air Wing,Gulfstream G650,Gov,Dictator Alert,Rashid Al Maktoum,Dictator Alert,https://data.dictatoralert.org/dictatorships/,N
0428DD,3C-LLX,Ebony Shine International (Equatorial Guinea),Gulfstream G-V,Gov,Dictator Alert,Teodoro Obiang Nguema Mbasogo,Dictator Alert,https://data.dictatoralert.org/dictatorships/,N
896302,A6CJE,Emirates Airline,Airbus ACJ319-115,Gov,Dictator Alert,Mohammed bin Rashid Al Maktoum,Dictator Alert,https://data.dictatoralert.org/dictatorships/,N
4850BE,P4RMA,Gen Haftar (Libya),Dassault Mystere Falcon 900,Gov,Dictator Alert,General Hafar,Dictator Alert,https://data.dictatoralert.org/dictatorships/,N
40013D,VP-BAT,Goverment of Qatar,Boeing 747-SP-21,Gov,Dictator Alert,Tamim bin Hamad Al Thani,Dictator Alert,https://data.dictatoralert.org/dictatorships/,N
0A402D,7TVPP,Government of Algeria,Airbus A340-541,Gov,Dictator Alert,Abdelmadjid Tebboune,Dictator Alert,https://data.dictatoralert.org/dictatorships/,N
0A404C,7TVPE,Government of Algeria,Avionsde Transport Regional ATR72600,Gov,Dictator Alert,Abdelmadjid Tebboune,Dictator Alert,https://data.dictatoralert.org/dictatorships/,N
0A404D,7TVPF,Government of Algeria,Avionsde Transport Regional ATR72600,Gov,Dictator Alert,Abdelmadjid Tebboune,Dictator Alert,https://data.dictatoralert.org/dictatorships/,N
0A400B,7TVPG,Government of Algeria,Gulfstream G-V,Gov,Dictator Alert,Abdelmadjid Tebboune,Dictator Alert,https://data.dictatoralert.org/dictatorships/,N
0A4009,7TVPC,Government of Algeria,Gulfstream GIVSP,Gov,Dictator Alert,Abdelmadjid Tebboune,Dictator Alert,https://data.dictatoralert.org/dictatorships/,N
0A400A,7TVPM,Government of Algeria,Gulfstream GIVSP,Gov,Dictator Alert,Abdelmadjid Tebboune,Dictator Alert,https://data.dictatoralert.org/dictatorships/,N
0A4005,7TVPR,Government of Algeria,Gulfstream GIVSP,Gov,Dictator Alert,Abdelmadjid Tebboune,Dictator Alert,https://data.dictatoralert.org/dictatorships/,N
0A4006,7TVPS,Government of Algeria,Gulfstream GIVSP,Gov,Dictator Alert,Abdelmadjid Tebboune,Dictator Alert,https://data.dictatoralert.org/dictatorships/,N
0900B5,D2-EEB,Government of Angola,Bombardier Dash 8-Q402,Gov,Dictator Alert,Agostinho Neto,Dictator Alert,https://data.dictatoralert.org/dictatorships/,N
090088,D2-ANG,Government of Angola,Bombardier Global Express XRS,Gov,Dictator Alert,Agostinho Neto,Dictator Alert,https://data.dictatoralert.org/dictatorships/,N
600801,4K-8888,Government of Azerbaijan,Airbus ACJ319-115,Gov,Dictator Alert,Ilham Aliyev,Dictator Alert,https://data.dictatoralert.org/dictatorships/,N
600BC0,4K-AI08,Government of Azerbaijan,Airbus ACJ340-642X,Gov,Dictator Alert,Ilham Aliyev,Dictator Alert,https://data.dictatoralert.org/dictatorships/,N
600BE8,4K-AI01,Government of Azerbaijan,Boeing 76732LER,Gov,Dictator Alert,Ilham Aliyev,Dictator Alert,https://data.dictatoralert.org/dictatorships/,N
51002B,EW-001PA,Government of Belarus,Boeing 737-NG8EVWBBJ2,Gov,Dictator Alert,Alexander Lukashenko,Dictator Alert,https://data.dictatoralert.org/dictatorships/,N
51005E,EW-001PB,Government of Belarus,Boeing 76732KER,Gov,Dictator Alert,Alexander Lukashenko,Dictator Alert,https://data.dictatoralert.org/dictatorships/,N
510001,EW-85815,Government of Belarus,Tupolev Tu-154M,Gov,Dictator Alert,Alexander Lukashenko,Dictator Alert,https://data.dictatoralert.org/dictatorships/,N
034002,TJ-AAW,Government of Cameroon,Gulfstream III,Gov,Dictator Alert,Paul Biya,Dictator Alert,https://data.dictatoralert.org/dictatorships/,N
084006,TT-ABE,Government of Chad,ATR 42-300,Gov,Dictator Alert,Idriss Déby,Dictator Alert,https://data.dictatoralert.org/dictatorships/,N
084F00,TT-ABC,Government of Chad,McDonnell Douglas DC9-87,Gov,Dictator Alert,Idriss Déby,Dictator Alert,https://data.dictatoralert.org/dictatorships/,N
08CE96,9Q-CLK,Government of Democratic Republic of Congo,Boeing 707-138B,Gov,Dictator Alert,Félix Tshisekedi,Dictator Alert,https://data.dictatoralert.org/dictatorships/,N
08CBCB,9Q-CDC,Government of Democratic Republic of Congo,Boeing 727-30,Gov,Dictator Alert,Félix Tshisekedi,Dictator Alert,https://data.dictatoralert.org/dictatorships/,N
08CBAB,9Q-CGC,Government of Democratic Republic of Congo,Gulfstream IV,Gov,Dictator Alert,Félix Tshisekedi,Dictator Alert,https://data.dictatoralert.org/dictatorships/,N
04200A,3C-EGE,Government of Equatorial Guinea,Boeing 737-in NG7FBBBJW,Gov,Dictator Alert,Teodoro Obiang Nguema Mbasogo,Dictator Alert,https://data.dictatoralert.org/dictatorships/,N
042001,3C-ONM,Government of Equatorial Guinea,Dassault Falcon 900B,Gov,Dictator Alert,Teodoro Obiang Nguema Mbasogo,Dictator Alert,https://data.dictatoralert.org/dictatorships/,N
89624B,A6HMS,Government of Fujairah,Airbus A320-232,Gov,Dictator Alert,Mohammed Al Sharqi,Dictator Alert,https://data.dictatoralert.org/dictatorships/,N
03E00A,TR-KPR,Government of Gabon,Boeing 777-236,Gov,Dictator Alert,Ali Bongo Ondimba,Dictator Alert,https://data.dictatoralert.org/dictatorships/,N
03E003,TR-LEX,Government of Gabon,Dassault Falcon 900EX,Gov,Dictator Alert,Ali Bongo Ondimba,Dictator Alert,https://data.dictatoralert.org/dictatorships/,N
03E004,TR-KSP,Government of Gabon,Gulfstream GIVSP,Gov,Dictator Alert,Ali Bongo Ondimba,Dictator Alert,https://data.dictatoralert.org/dictatorships/,N
03E015,TR-KGM,Government of Gabon,Gulfstream IV,Gov,Dictator Alert,Ali Bongo Ondimba,Dictator Alert,https://data.dictatoralert.org/dictatorships/,N
03E004,TR-KSP,Government of Gabon,Gulfstream IV,Gov,Dictator Alert,Ali Bongo Ondimba,Dictator Alert,https://data.dictatoralert.org/dictatorships/,N
09A027,C5-GOG,Government of Gambia,Boeing 727-1H2,Gov,Dictator Alert,Adama Barrow,Dictator Alert,https://data.dictatoralert.org/dictatorships/,N
09A01B,C5-GAF,Government of Gambia,Boeing 727-95,Gov,Dictator Alert,Adama Barrow,Dictator Alert,https://data.dictatoralert.org/dictatorships/,N
7304E1,EP-AGA,Government of Iran,Boeing 737-286(A),Gov,Dictator Alert,Ali Khamenei,Dictator Alert,https://data.dictatoralert.org/dictatorships/,N
424918,VQ-BDD,Government of Jordan,Airbus ACJ319-115 (Elite),Gov,Dictator Alert,Abdullah II bin Al-Hussein,Dictator Alert,https://data.dictatoralert.org/dictatorships/,N
4243E4,VQ-BMZ,Government of Jordan,Gulfstream G650,Gov,Dictator Alert,Abdullah II bin Al-Hussein,Dictator Alert,https://data.dictatoralert.org/dictatorships/,N
6830ED,UPA3001,Government of Kazakhstan,Airbus A330-243,Gov,Dictator Alert,Kassym-Jomart Tokayev,Dictator Alert,https://data.dictatoralert.org/dictatorships/,N
6830A5,UPA2001,Government of Kazakhstan,Airbus ACJ320-214X,Gov,Dictator Alert,Kassym-Jomart Tokayev,Dictator Alert,https://data.dictatoralert.org/dictatorships/,N
683037,UPB5701,Government of Kazakhstan,Boeing 757-2M6,Gov,Dictator Alert,Kassym-Jomart Tokayev,Dictator Alert,https://data.dictatoralert.org/dictatorships/,N
706024,9K-AKD,Government of Kuwait,Airbus A320-212,Gov,Dictator Alert,Sheikh Nawaf al-Ahmad al-Sabah,Dictator Alert,https://data.dictatoralert.org/dictatorships/,N
70604A,9K-GBB,Government of Kuwait,Airbus A340-541,Gov,Dictator Alert,Sheikh Nawaf al-Ahmad al-Sabah,Dictator Alert,https://data.dictatoralert.org/dictatorships/,N
706047,9K-GEA,Government of Kuwait,Airbus ACJ319-115X,Gov,Dictator Alert,Sheikh Nawaf al-Ahmad al-Sabah,Dictator Alert,https://data.dictatoralert.org/dictatorships/,N
70604C,9K-GCC,Government of Kuwait,Boeing 737-NG9BQBBJ3,Gov,Dictator Alert,Sheikh Nawaf al-Ahmad al-Sabah,Dictator Alert,https://data.dictatoralert.org/dictatorships/,N
70604B,9K-GAA,Government of Kuwait,Boeing 747-8JKBBJ,Gov,Dictator Alert,Sheikh Nawaf al-Ahmad al-Sabah,Dictator Alert,https://data.dictatoralert.org/dictatorships/,N
70601E,9K-AJD,Government of Kuwait,Gulfstream G-V,Gov,Dictator Alert,Sheikh Nawaf al-Ahmad al-Sabah,Dictator Alert,https://data.dictatoralert.org/dictatorships/,N
70601F,9K-AJE,Government of Kuwait,Gulfstream G-V,Gov,Dictator Alert,Sheikh Nawaf al-Ahmad al-Sabah,Dictator Alert,https://data.dictatoralert.org/dictatorships/,N
706020,9K-AJF,Government of Kuwait,Gulfstream G-V,Gov,Dictator Alert,Sheikh Nawaf al-Ahmad al-Sabah,Dictator Alert,https://data.dictatoralert.org/dictatorships/,N
706048,9K-GFA,Government of Kuwait,Gulfstream G550,Gov,Dictator Alert,Sheikh Nawaf al-Ahmad al-Sabah,Dictator Alert,https://data.dictatoralert.org/dictatorships/,N
706203,9K-GGA,Government of Kuwait,Gulfstream G650,Gov,Dictator Alert,Sheikh Nawaf al-Ahmad al-Sabah,Dictator Alert,https://data.dictatoralert.org/dictatorships/,N
706053,9K-GGB,Government of Kuwait,Gulfstream G650,Gov,Dictator Alert,Sheikh Nawaf al-Ahmad al-Sabah,Dictator Alert,https://data.dictatoralert.org/dictatorships/,N
706054,9K-GGC,Government of Kuwait,Gulfstream G650,Gov,Dictator Alert,Sheikh Nawaf al-Ahmad al-Sabah,Dictator Alert,https://data.dictatoralert.org/dictatorships/,N
706055,9K-GGD,Government of Kuwait,Gulfstream G650,Gov,Dictator Alert,Sheikh Nawaf al-Ahmad al-Sabah,Dictator Alert,https://data.dictatoralert.org/dictatorships/,N
018021,5A-ONE,Government of Libya,Airbus A340-213,Gov,Dictator Alert,Abdul Hamid Dbeibeh,Dictator Alert,https://data.dictatoralert.org/dictatorships/,N
018019,5A-DCN,Government of Libya,Dassault Falcon 900EX,Gov,Dictator Alert,Abdul Hamid Dbeibeh,Dictator Alert,https://data.dictatoralert.org/dictatorships/,N
062F2E,5UGRN,Government of Niger,Boeing 737-NG75UWBBJ,Gov,Dictator Alert,Mahamadou Issoufou,Dictator Alert,https://data.dictatoralert.org/dictatorships/,N
06A00F,A7AAG,Government of Qatar,Airbus A320-232,Gov,Dictator Alert,Tamim bin Hamad Al Thani,Dictator Alert,https://data.dictatoralert.org/dictatorships/,N
710334,HZ-HMS2,Government of Saudi Arabia,Airbus A340-213X,Gov,Dictator Alert,Mohammed bin Salman,Dictator Alert,https://data.dictatoralert.org/dictatorships/,N
710321,HZ-HM1A,Government of Saudi Arabia,Boeing 747-3G1,Gov,Dictator Alert,Mohammed bin Salman,Dictator Alert,https://data.dictatoralert.org/dictatorships/,N
710333,HZ-HM1,Government of Saudi Arabia,Boeing 747-468,Gov,Dictator Alert,Mohammed bin Salman,Dictator Alert,https://data.dictatoralert.org/dictatorships/,N
710322,HZ-HM1B,Government of Saudi Arabia,Boeing 747-SP-68,Gov,Dictator Alert,Mohammed bin Salman,Dictator Alert,https://data.dictatoralert.org/dictatorships/,N
710336,HZ-HM1C,Government of Saudi Arabia,Boeing 747-SP-68,Gov,Dictator Alert,Mohammed bin Salman,Dictator Alert,https://data.dictatoralert.org/dictatorships/,N
71032C,HZ-HMED,Government of Saudi Arabia,Boeing 757-23A,Gov,M*A*S*H,Mohammed bin Salman,Dictator Alert,https://data.dictatoralert.org/dictatorships/,N
39AE68,FHLTI,Government of Togo,Dassault Falcon 7X,Gov,Dictator Alert,Faure Gnassingbé,Dictator Alert,https://data.dictatoralert.org/dictatorships/,N
088005,5VTAI,Government of Togo,Fokker F28 1000,Gov,Dictator Alert,Faure Gnassingbé,Dictator Alert,https://data.dictatoralert.org/dictatorships/,N
60185A,EZA007,Government of Turkmenistan,Boeing 737-NG7GLW,Gov,Dictator Alert,Gurbanguly Berdimuhamedow,Dictator Alert,https://data.dictatoralert.org/dictatorships/,N
601861,EZA777,Government of Turkmenistan,Boeing 777-22KLR,Gov,Dictator Alert,Gurbanguly Berdimuhamedow,Dictator Alert,https://data.dictatoralert.org/dictatorships/,N
60183E,EZB024,Government of Turkmenistan,Bombardier Challenger 870,Gov,Dictator Alert,Gurbanguly Berdimuhamedow,Dictator Alert,https://data.dictatoralert.org/dictatorships/,N
042003,3C-LGE,Guinea Ecuatorial Aire Lines SA,Dassault Falcon 50,Gov,Dictator Alert,Teodoro Obiang Nguema Mbasogo,Dictator Alert,https://data.dictatoralert.org/dictatorships/,N
042819,3C-LLU,Guinea Ecuatorial Airlines,Boeing 767-306(ER),Gov,Dictator Alert,Teodoro Obiang Nguema Mbasogo,Dictator Alert,https://data.dictatoralert.org/dictatorships/,N
7101E4,HZ-WBT5,HRH Prince Awaleed Bin Talal,BAe 125-800A,Gov,Dictator Alert,Mohammed bin Salman,Dictator Alert,https://data.dictatoralert.org/dictatorships/,N
6831ED,74008,Kazakhstan Border Guards,Antonov An-74TK-200,Gov,Dictator Alert,Kassym-Jomart Tokayev,Dictator Alert,https://data.dictatoralert.org/dictatorships/,N
7101F1,HZ-WBT7,Kingdom Holding( King Abdullah),Boeing 747-4J6,Gov,Dictator Alert,Mohammed bin Salman,Dictator Alert,https://data.dictatoralert.org/dictatorships/,N
01801C,5A-CAA,Libyan Air Force,Antonov An-74TK-300,Gov,Dictator Alert,Abdul Hamid Dbeibeh,Dictator Alert,https://data.dictatoralert.org/dictatorships/,N
155BEA,RA-89066,MChS Rossii,Sukhoi Superjet 100-95B,Gov,Dictator Alert,Vladimir Putin,Dictator Alert,https://data.dictatoralert.org/dictatorships/,N
155BEB,RA-89067,MChS Rossii,Sukhoi Superjet 100-95LR,Gov,Dictator Alert,Vladimir Putin,Dictator Alert,https://data.dictatoralert.org/dictatorships/,N
730543,EP-AJC,Meraj Airlines,Airbus A320-232,Gov,Dictator Alert,Ali Khamenei,Dictator Alert,https://data.dictatoralert.org/dictatorships/,N
730400,EP-AGB,Meraj Airlines,Airbus A321-231,Gov,Dictator Alert,Ali Khamenei,Dictator Alert,https://data.dictatoralert.org/dictatorships/,N
730541,EP-AJA,Meraj Airlines,Airbus A340-313,Gov,Dictator Alert,Ali Khamenei,Dictator Alert,https://data.dictatoralert.org/dictatorships/,N
484362,P4-KAZ,Mint Juleps Investments (Azerbajan),Boeing 737-NG7EJWBBJ,Gov,Dictator Alert,Ilham Aliyev,Dictator Alert,https://data.dictatoralert.org/dictatorships/,N
70C057,A4OAA,Oman Royal Flight,Airbus A320-232,Gov,Dictator Alert,Haitham bin Tarik,Dictator Alert,https://data.dictatoralert.org/dictatorships/,N
70C0BA,A4OAJ,Oman Royal Flight,Airbus ACJ319-133X,Gov,Dictator Alert,Haitham bin Tarik,Dictator Alert,https://data.dictatoralert.org/dictatorships/,N
70C04D,A4OOMN,Oman Royal Flight,Boeing 747-430,Gov,Dictator Alert,Haitham bin Tarik,Dictator Alert,https://data.dictatoralert.org/dictatorships/,N
70C0B7,A4OHMS,Oman Royal Flight,Boeing 747-8H0BBJ,Gov,Dictator Alert,Haitham bin Tarik,Dictator Alert,https://data.dictatoralert.org/dictatorships/,N
70C020,A4OSO,Oman Royal Flight,Boeing 747-SP27,Gov,Dictator Alert,Haitham bin Tarik,Dictator Alert,https://data.dictatoralert.org/dictatorships/,N
70C0B3,A4OAD,Oman Royal Flight,Gulfstream G550,Gov,Dictator Alert,Haitham bin Tarik,Dictator Alert,https://data.dictatoralert.org/dictatorships/,N
70C0B4,A4OAE,Oman Royal Flight,Gulfstream G550,Gov,Dictator Alert,Haitham bin Tarik,Dictator Alert,https://data.dictatoralert.org/dictatorships/,N
AC85AF,YV2869,Petroleos de Venezuela SA,Beech 1900D,Gov,Dictator Alert,Nicolás Maduro,Dictator Alert,https://data.dictatoralert.org/dictatorships/,N
0D8181,YV2763,Petroleos de Venezuela SA,Beech1900D,Gov,Dictator Alert,Nicolás Maduro,Dictator Alert,https://data.dictatoralert.org/dictatorships/,N
0D819B,YV2865,Petroleos De Venezuela SA,Beech1900D,Gov,Dictator Alert,Nicolás Maduro,Dictator Alert,https://data.dictatoralert.org/dictatorships/,N
0D8106,YV1118,Petroleos de Venezuela SA,Bombardier Learjet 45,Gov,Dictator Alert,Nicolás Maduro,Dictator Alert,https://data.dictatoralert.org/dictatorships/,N
0D80FF,YV2565,Petroleos de Venezuela SA,Bombardier Learjet 45,Gov,Dictator Alert,Nicolás Maduro,Dictator Alert,https://data.dictatoralert.org/dictatorships/,N
0D8163,YV2716,Petroleos de Venezuela SA,Bombardier Learjet 45,Gov,Dictator Alert,Nicolás Maduro,Dictator Alert,https://data.dictatoralert.org/dictatorships/,N
0D8169,YV2734,Petroleos de Venezuela SA,Bombardier Learjet 45,Gov,Dictator Alert,Nicolás Maduro,Dictator Alert,https://data.dictatoralert.org/dictatorships/,N
0D8173,YV2738,Petroleos de Venezuela SA,Bombardier Learjet 45,Gov,Dictator Alert,Nicolás Maduro,Dictator Alert,https://data.dictatoralert.org/dictatorships/,N
0D8100,YV2567,Petroleos de Venezuela SA,Bombardier Learjet 45XR,Gov,Dictator Alert,Nicolás Maduro,Dictator Alert,https://data.dictatoralert.org/dictatorships/,N
0D80EE,YV1128,Petroleos de Venezuela SA,Dassault Falcon 50,Gov,Dictator Alert,Nicolás Maduro,Dictator Alert,https://data.dictatoralert.org/dictatorships/,N
0D809F,YV2040,Petroleos de Venezuela SA,Dassault Falcon 900B,Gov,Dictator Alert,Nicolás Maduro,Dictator Alert,https://data.dictatoralert.org/dictatorships/,N
0D8167,YV2726,Petroleos de Venezuela SA,Dassault Falcon 900B,Gov,Dictator Alert,Nicolás Maduro,Dictator Alert,https://data.dictatoralert.org/dictatorships/,N
0D80E9,YV2485,Petroleos de Venezuela SA,Dassault Falcon 900EX,Gov,Dictator Alert,Nicolás Maduro,Dictator Alert,https://data.dictatoralert.org/dictatorships/,N
0D80EC,YV2486,Petroleos de Venezuela SA,Dassault Falcon 900EX,Gov,Dictator Alert,Nicolás Maduro,Dictator Alert,https://data.dictatoralert.org/dictatorships/,N
0D82E8,YV3360,Petroleos de Venezuela SA,Falcon 2000EX,Gov,Dictator Alert,Nicolás Maduro,Dictator Alert,https://data.dictatoralert.org/dictatorships/,N
09A042,C5NBB,Private (Gambia),Canadair CL-600-2B16 Challenger 601-3A,Gov,Dictator Alert,Adama Barrow,Dictator Alert,https://data.dictatoralert.org/dictatorships/,N
06A05B,A7AFE,Qatar Amiri Flight,Airbus A310-308,Gov,Dictator Alert,Tamim bin Hamad Al Thani,Dictator Alert,https://data.dictatoralert.org/dictatorships/,N
06A038,A7HHM,Qatar Amiri Flight,Airbus A330-202,Gov,Dictator Alert,Tamim bin Hamad Al Thani,Dictator Alert,https://data.dictatoralert.org/dictatorships/,N
06A01C,A7HJJ,Qatar Amiri Flight,Airbus A330-202,Gov,Dictator Alert,Tamim bin Hamad Al Thani,Dictator Alert,https://data.dictatoralert.org/dictatorships/,N
06A001,A7HHK,Qatar Amiri Flight,Airbus A340-211,Gov,Dictator Alert,Tamim bin Hamad Al Thani,Dictator Alert,https://data.dictatoralert.org/dictatorships/,N
06A05A,A7AAH,Qatar Amiri Flight,Airbus A340-313X,Gov,Dictator Alert,Tamim bin Hamad Al Thani,Dictator Alert,https://data.dictatoralert.org/dictatorships/,N
06A021,A7HHH,Qatar Amiri Flight,Airbus A340-541,Gov,Dictator Alert,Tamim bin Hamad Al Thani,Dictator Alert,https://data.dictatoralert.org/dictatorships/,N
06A0D6,A7MHH,Qatar Amiri Flight,Airbus ACJ319-115X,Gov,Dictator Alert,Tamim bin Hamad Al Thani,Dictator Alert,https://data.dictatoralert.org/dictatorships/,N
06A0A3,A7MED,Qatar Amiri Flight,Airbus ACJ319-133LR,Gov,Dictator Alert,Tamim bin Hamad Al Thani,Dictator Alert,https://data.dictatoralert.org/dictatorships/,N
06A014,A7HHJ,Qatar Amiri Flight,Airbus ACJ319-133X,Gov,Dictator Alert,Tamim bin Hamad Al Thani,Dictator Alert,https://data.dictatoralert.org/dictatorships/,N
06A18D,A7HSJ,Qatar Amiri Flight,Airbus ACJ320-232SL,Gov,Dictator Alert,Tamim bin Hamad Al Thani,Dictator Alert,https://data.dictatoralert.org/dictatorships/,N
06A0A4,A7MBK,Qatar Amiri Flight,Airbus ACJ320-232X,Gov,Dictator Alert,Tamim bin Hamad Al Thani,Dictator Alert,https://data.dictatoralert.org/dictatorships/,N
06A1E4,A7HBJ,Qatar Amiri Flight,Boeing 747-8KBBBJ,Gov,Dictator Alert,Tamim bin Hamad Al Thani,Dictator Alert,https://data.dictatoralert.org/dictatorships/,N
06A0A2,A7HHE,Qatar Amiri Flight,Boeing 747-8KBBBJ,Gov,Dictator Alert,Tamim bin Hamad Al Thani,Dictator Alert,https://data.dictatoralert.org/dictatorships/,N
06A037,A7AAM,Qatar Amiri Flight,Bombardier BD-700-1A10 Global Express,Gov,Dictator Alert,Tamim bin Hamad Al Thani,Dictator Alert,https://data.dictatoralert.org/dictatorships/,N
14F114,RA-61716,Russia State Transport Company,Antonov An-148100EA,Gov,Dictator Alert,Vladimir Putin,Dictator Alert,https://data.dictatoralert.org/dictatorships/,Y
14F118,RA-61720,Russia State Transport Company,Antonov An-148100EA,Gov,Dictator Alert,Vladimir Putin,Dictator Alert,https://data.dictatoralert.org/dictatorships/,Y
15770C,RA-96012,Russia State Transport Company,Ilyushin IL-96300,Gov,Dictator Alert,Vladimir Putin,Dictator Alert,https://data.dictatoralert.org/dictatorships/,Y
157710,RA-96016,Russia State Transport Company,Ilyushin IL-96300,Gov,Dictator Alert,Vladimir Putin,Dictator Alert,https://data.dictatoralert.org/dictatorships/,Y
157711,RA-96017,Russia State Transport Company,Ilyushin IL-96300,Gov,Dictator Alert,Vladimir Putin,Dictator Alert,https://data.dictatoralert.org/dictatorships/,Y
157713,RA-96019,Russia State Transport Company,Ilyushin IL-96300PU,Gov,Dictator Alert,Vladimir Putin,Dictator Alert,https://data.dictatoralert.org/dictatorships/,Y
157714,RA-96020,Russia State Transport Company,Ilyushin IL-96300PU,Gov,Dictator Alert,Vladimir Putin,Dictator Alert,https://data.dictatoralert.org/dictatorships/,Y
157715,RA-96021,Russia State Transport Company,Ilyushin IL-96300PU,Gov,Dictator Alert,Vladimir Putin,Dictator Alert,https://data.dictatoralert.org/dictatorships/,Y
155BCF,RA-89039,Russia State Transport Company,Sukhoi Superjet 100-95B,Gov,Dictator Alert,Vladimir Putin,Dictator Alert,https://data.dictatoralert.org/dictatorships/,Y
150171,RA-65905,Russia State Transport Company,Tupolev Tu-134A-3,Gov,Dictator Alert,Vladimir Putin,Dictator Alert,https://data.dictatoralert.org/dictatorships/,Y
150177,RA-65911,Russia State Transport Company,Tupolev Tu-134A-3,Gov,Dictator Alert,Vladimir Putin,Dictator Alert,https://data.dictatoralert.org/dictatorships/,Y
14FC05,RA-64517,Russia State Transport Company,Tupolev Tu-214PU,Gov,Dictator Alert,Vladimir Putin,Dictator Alert,https://data.dictatoralert.org/dictatorships/,Y
14FC08,RA-64520,Russia State Transport Company,Tupolev Tu-214PU,Gov,Dictator Alert,Vladimir Putin,Dictator Alert,https://data.dictatoralert.org/dictatorships/,Y
14FC0A,RA-64522,Russia State Transport Company,Tupolev Tu-214SUS,Gov,Dictator Alert,Vladimir Putin,Dictator Alert,https://data.dictatoralert.org/dictatorships/,Y
14FC0C,RA-64524,Russia State Transport Company,Tupolev Tu-214SUS,Gov,Dictator Alert,Vladimir Putin,Dictator Alert,https://data.dictatoralert.org/dictatorships/,Y
1557A0,RA-87968,Russia State Transport Company,Yakovlev Yak-40,Gov,Dictator Alert,Vladimir Putin,Dictator Alert,https://data.dictatoralert.org/dictatorships/,Y
1557A4,RA-87972,Russia State Transport Company,Yakovlev Yak-40,Gov,Dictator Alert,Vladimir Putin,Dictator Alert,https://data.dictatoralert.org/dictatorships/,Y
157766,RA-96102,Russian Air Force,Ilyushin IL-96VVIP,Gov,Dictator Alert,Vladimir Putin,Dictator Alert,https://data.dictatoralert.org/dictatorships/,Y
14FC0B,RA-64523,Russian FSB,Tupolev Tu-214VPU,Gov,Dictator Alert,Vladimir Putin,Dictator Alert,https://data.dictatoralert.org/dictatorships/,Y
710038,HZ-AKF,Saudi Arabian Airlines,Boeing 777-268,Gov,Dictator Alert,Mohammed bin Salman,Dictator Alert,https://data.dictatoralert.org/dictatorships/,Y
7101E3,HZ-MF2,Saudi Ministry of Finance,Boeing 737-NG7AJWBBJ,Gov,Dictator Alert,Mohammed bin Salman,Dictator Alert,https://data.dictatoralert.org/dictatorships/,Y
710100,HZ-MF1,Saudi Ministry of Finance,Boeing 737-NG7FGWBBJ,Gov,Dictator Alert,Mohammed bin Salman,Dictator Alert,https://data.dictatoralert.org/dictatorships/,Y
71022B,HZ-MF6,Saudi Ministry of Finance,Boeing 737-NG9FGW,Gov,Dictator Alert,Mohammed bin Salman,Dictator Alert,https://data.dictatoralert.org/dictatorships/,Y
A7CAD8,HZMF9,Saudi Ministry of Finance,Boeing 777-3FXER,Gov,Dictator Alert,Mohammed bin Salman,Dictator Alert,https://data.dictatoralert.org/dictatorships/,Y
710195,HZ-MF7,Saudi Ministry of Finance,Boeing 787-8BBJ,Gov,Dictator Alert,Mohammed bin Salman,Dictator Alert,https://data.dictatoralert.org/dictatorships/,Y
71019B,HZ-MF8,Saudi Ministry of Finance,Boeing 787-8BBJ,Gov,Dictator Alert,Mohammed bin Salman,Dictator Alert,https://data.dictatoralert.org/dictatorships/,Y
7101E7,HZ-MF3,Saudi Ministry of Finance,Gulfstream G300,Gov,Dictator Alert,Mohammed bin Salman,Dictator Alert,https://data.dictatoralert.org/dictatorships/,Y
7101E9,HZ-MF4,Saudi Ministry of Finance,Gulfstream G300,Gov,Dictator Alert,Mohammed bin Salman,Dictator Alert,https://data.dictatoralert.org/dictatorships/,Y
7101F0,HZ-MF5,Saudi Ministry of Finance,Gulfstream G300,Gov,Dictator Alert,Mohammed bin Salman,Dictator Alert,https://data.dictatoralert.org/dictatorships/,Y
71002D,HZ-SK1,Saudi Private FLITE Charters,Gulfstream G4SP,Gov,Dictator Alert,Mohammed bin Salman,Dictator Alert,https://data.dictatoralert.org/dictatorships/,Y
710277,HZ-AS99,Saudi Royal Flight,Airbus A318-100 ACJ,Civ,Dictator Alert,Mohammed bin Salman,Dictator Alert,https://data.dictatoralert.org/dictatorships/,Y
710094,HZ-AS44,Saudi Royal Flight,Airbus A320-200,Civ,Dictator Alert,Mohammed bin Salman,Dictator Alert,https://data.dictatoralert.org/dictatorships/,Y
710096,HZ-AS45,Saudi Royal Flight,Airbus A320-200,Civ,Dictator Alert,Mohammed bin Salman,Dictator Alert,https://data.dictatoralert.org/dictatorships/,Y
71010B,HZ-124,Saudi Special Flight Services,Airbus A340-200,Civ,Dictator Alert,Mohammed bin Salman,Dictator Alert,https://data.dictatoralert.org/dictatorships/,Y
0D80A4,YV1129,Servicio Autonomo de Coordinacion de Transporte Aereo,Dassault Falcon 50,Gov,Dictator Alert,Nicolás Maduro,Dictator Alert,https://data.dictatoralert.org/dictatorships/,N
896063,A6ESH,Sharjah Rulers Flight,Airbus ACJ319-132,Gov,Dictator Alert,Mohammed bin Rashid Al Maktoum,Dictator Alert,https://data.dictatoralert.org/dictatorships/,N
896436,A6SHJ,Sharjah Rulers Flight,Airbus ACJ320-232XSL,Gov,Dictator Alert,Mohammed bin Rashid Al Maktoum,Dictator Alert,https://data.dictatoralert.org/dictatorships/,N
51100D,STPRM,Sudanese Police Air Wing,Antonov An-72100D,Gov,Dictator Alert,Sovereignty Council,Dictator Alert,https://data.dictatoralert.org/dictatorships/,N
600B78,4K-AZ888,SW Business Aviation (Azerbajan),Gulfstream G450,Gov,Dictator Alert,Ilham Aliyev,Dictator Alert,https://data.dictatoralert.org/dictatorships/,N
600806,4K-AI06,SW Business Aviation (Azerbajan),Gulfstream G550,Gov,Dictator Alert,Ilham Aliyev,Dictator Alert,https://data.dictatoralert.org/dictatorships/,N
600BC4,4K-AI88,SW Business Aviation (Azerbajan),Gulfstream G650,Gov,Dictator Alert,Ilham Aliyev,Dictator Alert,https://data.dictatoralert.org/dictatorships/,N
424238,VP-BBF,SW Business Aviation (Azerbajan),Gulfstream G650,Gov,Dictator Alert,Ilham Aliyev,Dictator Alert,https://data.dictatoralert.org/dictatorships/,N
778561,YKAKA,Syrianair,Airbus A320-232,Gov,Dictator Alert,Bashar al-Assad,Dictator Alert,https://data.dictatoralert.org/dictatorships/,N
3CE2D2,YV3083,Venezuela Air Force,Dornier D228,Gov,Dictator Alert,Nicolás Maduro,Dictator Alert,https://data.dictatoralert.org/dictatorships/,N
3CC011,YV3000,Venezuela Air Force,Dornier D228NG,Gov,Dictator Alert,Nicolás Maduro,Dictator Alert,https://data.dictatoralert.org/dictatorships/,N
0D8032,207,Venezuelan Air Force,Boeing 737-200,Gov,Dictator Alert,Nicolás Maduro,Dictator Alert,https://data.dictatoralert.org/dictatorships/,N
0D8034,YV2165,Venezuelan Air Force,Dassault Falcon 50,Gov,Dictator Alert,Nicolás Maduro,Dictator Alert,https://data.dictatoralert.org/dictatorships/,N
424565,VQ-BSK,Worldwide Aircraft Holding (Turkey),Boeing 747-8ZV (BBJ),Gov,Dictator Alert,Recep Tayyip Erdoğan,Dictator Alert,https://data.dictatoralert.org/dictatorships/,Y
4069E7,G-OSRA,2 Excel Aviation,Boeing 727 2S2F,Civ,Specialist,Old,Distinctive,https://www.2excelaviation.com/,Y
406C5D,G-OSRB,2 Excel Aviation,Boeing 727 2S2F,Civ,Specialist,Old,Distinctive,https://www.2excelaviation.com/,Y
394A60,F-GSTA,Airbus Transport International,A300 B4-608ST Beluga,Civ,Absolute Unit,How Does It Fly,Distinctive,https://en.wikipedia.org/wiki/Airbus_Beluga,Y
394A61,F-GSTB,Airbus Transport International,A300 B4-608ST Beluga,Civ,Absolute Unit,How Does It Fly,Distinctive,https://en.wikipedia.org/wiki/Airbus_Beluga,Y
394A62,F-GSTC,Airbus Transport International,A300 B4-608ST Beluga,Civ,Absolute Unit,How Does It Fly,Distinctive,https://en.wikipedia.org/wiki/Airbus_Beluga,Y
394A63,F-GSTD,Airbus Transport International,A300 B4-608ST Beluga,Civ,Absolute Unit,How Does It Fly,Distinctive,https://en.wikipedia.org/wiki/Airbus_Beluga,Y
394A65,F-GSTF,Airbus Transport International,A300 B4-608ST Beluga,Civ,Absolute Unit,How Does It Fly,Distinctive,https://en.wikipedia.org/wiki/Airbus_Beluga,Y
38FCBB,F-GXLG,Airbus Transport International,Airbus A330-743L Beluga XL,Civ,Absolute Unit,How Does It Fly,Distinctive,https://en.wikipedia.org/wiki/Airbus_Beluga_XL,Y
395D67,F-GXLH,Airbus Transport International,Airbus A330-743L Beluga XL,Civ,Absolute Unit,How Does It Fly,Distinctive,https://en.wikipedia.org/wiki/Airbus_Beluga_XL,Y
395D68,F-GXLI,Airbus Transport International,Airbus A330-743L Beluga XL,Civ,Absolute Unit,How Does It Fly,Distinctive,https://en.wikipedia.org/wiki/Airbus_Beluga_XL,Y
A046CB,N117GA,Berlin Airlift Historical Foundation,Boeing C-97G Stratofreighter,Civ,Angel of Deliverance,The Last of Us,Distinctive,http://www.spiritoffreedom.org/yc97a.html,Y
43C925,XE688,Hawker Hunter Aviation,Hawker Hunter T.72,Mil,Old,Fighter,Distinctive,https://hunterteam.com/,Y
403AF7,G-BWGF,Horizon Flight Training,BAC Jet Provost T.5A,Civ,Old,Flying Rust Bucket,Distinctive,https://www.horizonaircraftservices.com/,Y
A4B50C,N402LC,Lynden Air Cargo,Lockheed C-130H Hercules,Civ,Cargo,Brrrrrrrrrrrrrrr,Distinctive,http://www.lynden.com/lac/,Y
406C65,G-JWMA,Martin Baker Aircraft,Gloster Meteor T7,Civ,Old,Jump Johnny Jump,Distinctive,https://martin-baker.com/,Y
AD120C,N941NA,NASA,Boeing 377-SGT-201,Gov,Nasa,Sce To Aux,Distinctive,https://www.nasa.gov/,Y
AA0DB8,N747NA,NASA,Boeing 747-SP21,Gov,Nasa,Sce To Aux,Distinctive,https://www.nasa.gov/,Y
ACD5A1,N926NA,NASA,General Dynamics WB-57F Canberra,Gov,Nasa,Sce To Aux,Distinctive,https://www.nasa.gov/,Y
ACD958,N927NA,NASA,General Dynamics WB-57F Canberra,Gov,Nasa,Sce To Aux,Distinctive,https://www.airspacemag.com/flight-today/mission-resurrected-180970371/,Y
ACDD0F,N928NA,NASA,General Dynamics WB-57F Canberra,Gov,Nasa,Sce To Aux,Distinctive,https://www.nasa.gov/,Y
AD337B,N95NA,NASA,Gulfstream G-V,Gov,Nasa,Sce To Aux,Distinctive,https://www.nasa.gov/,Y
AAF954,N806NA,NASA,Lockheed ER2,Gov,Nasa,Sce To Aux,Distinctive,https://www.nasa.gov/,Y
AB0479,N809NA,NASA,Lockheed ER2,Gov,Nasa,Sce To Aux,Distinctive,https://www.nasa.gov/,Y
AB6FD1,N836NA,NASA,McDonnell Douglas NF-15B Eagle,Gov,Nasa,Sce To Aux,Distinctive,https://www.nasa.gov/,Y
38CF9B,F-WNOV,Novespace/CNES,Airbus A310-304,Civ,Vomit Comet,Pass The Sick Bag,Distinctive,https://www.airzerog.com/the-airbus-a310-zero-g/,Y
40370E,G-BUVA,Private,Piper PA-22 135 Tri-Pacer,Civ,Tricycle,You Came Here In That Thing,Distinctive,https://en.wikipedia.org/wiki/Piper_PA-20_Pacer,N
402F0E,G-BRFB,Private,Rutan Long-Ez,Civ,Whoosh,Shiny,Distinctive,https://en.wikipedia.org/wiki/Rutan_Long-EZ,Y
40118A,G-TWSR,Private,Silence Aircraft Twister,Civ,Shiny,Whoosh,Distinctive,https://silence-aircraft.de/en/aircraft/,Y
A947B9,N69745,Private,Stinson Reliant V-77,Civ,You Came Here In That Thing,Old,Distinctive,https://en.wikipedia.org/wiki/Stinson_Reliant,Y
406D00,G-CIMX,Private,Westland Scout AH.1,Civ,Chopper,Speak Up Sonny,Distinctive,https://en.wikipedia.org/wiki/Westland_Scout,Y
ADFDF8,828000,US Govt Air Force 1,Boeing VC25A,Gov,Ooh Get You,Government,Distinctive,"https://en.wikipedia.org/wiki/Air_Force_One#:~:text=Air%20Force%20One%20is%20the,used%20to%20transport%20the%20President.",Y
ADFDF9,929000,US Govt Air Force 1,Boeing VC25A,Gov,Ooh Get You,Government,Distinctive,"https://en.wikipedia.org/wiki/Air_Force_One#:~:text=Air%20Force%20One%20is%20the,used%20to%20transport%20the%20President.",Y
A0552B,N120RB,VREF Management Inc,Cirrus Jet Vision SF50,Civ,Backpack Tadpole V-Jet,Shiny,Distinctive,https://cirrusaircraft.com/aircraft/vision-jet/,Y
400DE5,G-HIJK,Acrobat Ltd (Met Office),Cessna 421C Golden Eagle,Gov,Nice Waether For Ducks,Measuring Stick,Dogs with Jobs,https://www.airport-data.com/images/aircraft/000/783/783107.jpg,Y
3E120D,D-HYAN,ADAC Luftrettung,Airbus Helicopters H145,Civ,Big Bird,Chopper,Dogs with Jobs,https://luftrettung.adac.de/,Y
7C39D5,VH-LPJ,Air Affairs Australia,Gates Learjet 35,Gov,Fire,Eye In The Sky,Dogs with Jobs,https://www.airaffairs.com.au/,Y
403C0C,G-INTV,Arena Aviation,Eurocopter Twin Squirrel AS.355 NP,Civ,Is This My Good Side,Specialist,Dogs with Jobs,https://www.arena-aircraft.com/,Y
401387,G-TVHD,Arena Aviation,Eurocopter Twin Squirrel AS.355 NP,Civ,Is This My Good Side,Specialist,Dogs with Jobs,https://www.arena-aircraft.com/,Y
4042E2,G-BZAH,Army Parachute Association,Cessna 208 B,Civ,Jump Johnny Jump,Perfectly Serviceable Aircraft,Dogs with Jobs,https://www.netheravon.com/,Y
A3301A,N304VS,Calspan Corporation,Gates Learjet 25G,Civ,Specialist,Flying Brick,Dogs with Jobs,https://www.calspan.com/,Y
400978,G-FPLD,Cobham Flight Inspection,Beechcraft King Air B200,Civ,Specialist,Measuring Stick,Dogs with Jobs,https://www.cobham.com/,Y
3CCE70,D-CFME,Flight Calibration Services,Beechcraft 350 Super King Air,Civ,Measuring Stick,Trundle Wheel,Dogs with Jobs,http://www.flight-cal.com/,Y
4071F8,G-DVOR,Flight Calibration Services,Diamond Aircraft DA62,Civ,Specialist,Measuring Stick,Dogs with Jobs,http://www.flight-cal.com/,Y
4076F1,G-TACN,Flight Calibration Services,Diamond Aircraft DA62,Civ,Measuring Stick,Trundle Wheel,Dogs with Jobs,http://www.flight-cal.com/,Y
407908,G-VNAV,Flight Calibration Services,Diamond Aircraft DA62,Civ,Measuring Stick,Trundle Wheel,Dogs with Jobs,http://www.flight-cal.com/,Y
3F9C84,57+04,German Navy,Dornier D228,Mil,What Is That Smell,Marineflieger,Dogs with Jobs,https://cdn.jetphotos.com/full/6/70510_1613061242.jpg,Y
3F9AE8,57+05,German Navy,Dornier D228,Mil,What Is That Smell,Marineflieger,Dogs with Jobs,https://upload.wikimedia.org/wikipedia/commons/thumb/4/4d/A2630-Germany-DO228-9835-RIAT2013.JPG/2560px-A2630-Germany-DO228-9835-RIAT2013.JPG,Y
AA0308,N744ST,Global Supertanker Service,Boeing 747 Supertanker,Civ,Fire,Hot Hot Hot Hot,Dogs with Jobs,https://en.wikipedia.org/wiki/747_Supertanker,Y
40081A,G-LUXE,Meteorological Research Flight,BAe 146-301,Civ,Measuring Stick,Cool,Dogs with Jobs,https://en.wikipedia.org/wiki/Facility_for_Airborne_Atmospheric_Measurements,Y
406897,G-RIDB,National Grid Electricity Transmission,Bell 429 Global Ranger,Civ,Wichita Lineman,Choppa,Dogs with Jobs,https://www.nationalgrid.com/uk/electricity-transmission/,N
405588,G-RIDA,National Grid Electricity Transmission,Eurocopter Twin Squirrel AS.355 NP,Civ,Wichita Lineman,Chopper,Dogs with Jobs,https://www.nationalgrid.com/uk/electricity-transmission/,N
400D1C,G-NETR,Network Rail,Eurocopter Twin Squirrel AS.355 NP,Civ,Leaves On The Line,Chopper,Dogs with Jobs,https://www.networkrail.co.uk/,Y
4068E8,G-NLDR,Network Rail,Eurocopter Twin Squirrel AS.355 NP,Civ,Leaves On The Line,Chopper,Dogs with Jobs,https://www.networkrail.co.uk/,Y
400FE8,G-NLSE,Network Rail,Eurocopter Twin Squirrel AS.355 NP,Civ,Leaves On The Line,Chopper,Dogs with Jobs,https://www.networkrail.co.uk/,Y
43C45B,XX327,RAF Centre of Aviation Medicine / Qinetiq,BAe Hawk T1,Mil,Pass The Sick Bag,Specialist,Dogs with Jobs,https://en.wikipedia.org/wiki/RAF_Centre_of_Aviation_Medicine,N
AAAC0E,N787RR,Rolls Royce,Boeing 747-267B,Civ,Testbed,Odd,Dogs with Jobs,https://cdn.jetphotos.com/full/5/14664_1532022759.jpg,Y
407986,G-SVAN,Skydive UK,Cessna 208 B,Civ,Skydive,Foutje Bedankt,Dogs with Jobs,https://lh3.googleusercontent.com/proxy/deMZ9YwYlQLGCEMvJVdtmper_QaSx1z9ish3mBY2n4WM205lEZ4m5O31TuvI7NfPi9Cp-qGvpRUhhHntAOr2DPDL7Y4YFOksuObKPeSCr5wRjMoOAW5sJzvMjwVzBGS-D55EplmOR3mwBL5jtHYc,Y
C001BB,C-FARA,Summit Air,Short Skyvan 3-100,Civ,Skydive,Flying Brick,Dogs with Jobs,https://lh3.googleusercontent.com/proxy/deMZ9YwYlQLGCEMvJVdtmper_QaSx1z9ish3mBY2n4WM205lEZ4m5O31TuvI7NfPi9Cp-qGvpRUhhHntAOr2DPDL7Y4YFOksuObKPeSCr5wRjMoOAW5sJzvMjwVzBGS-D55EplmOR3mwBL5jtHYc,Y
C0607D,C-GKOA,Summit Air,Short Skyvan 3-100,Civ,Skydive,Flying Brick,Dogs with Jobs,https://lh3.googleusercontent.com/proxy/deMZ9YwYlQLGCEMvJVdtmper_QaSx1z9ish3mBY2n4WM205lEZ4m5O31TuvI7NfPi9Cp-qGvpRUhhHntAOr2DPDL7Y4YFOksuObKPeSCr5wRjMoOAW5sJzvMjwVzBGS-D55EplmOR3mwBL5jtHYc,Y
40668B,G-WPDA,Western Power Distribution,Eurocopter EC135 P1,Civ,Wichita Lineman,Big Bird,Dogs with Jobs,https://www.westernpower.co.uk/business-services/helicopter-unit,N
40668C,G-WPDB,Western Power Distribution,Eurocopter EC135 P1,Civ,Wichita Lineman,Big Bird,Dogs with Jobs,https://www.westernpower.co.uk/business-services/helicopter-unit,N
4067CD,G-WPDC,Western Power Distribution,Eurocopter EC135 P1,Civ,Wichita Lineman,Big Bird,Dogs with Jobs,https://www.westernpower.co.uk/business-services/helicopter-unit,N
4067CE,G-WPDD,Western Power Distribution,Eurocopter EC135 P1,Civ,Wichita Lineman,Big Bird,Dogs with Jobs,https://www.westernpower.co.uk/business-services/helicopter-unit,N
406E1B,G-WPDE,Western Power Distribution,Eurocopter EC135 P1,Civ,Wichita Lineman,Big Bird,Dogs with Jobs,https://www.westernpower.co.uk/business-services/helicopter-unit,N
43EA62,M-LCFC,Leicester City Football Club,Boeing 737NG 7EI/W BBJ,Civ,Jumpers For Goalposts,Bizjet,Football ,https://www.lcfc.com/,Y
3F8517,10+23,German Air Force,Airbus A310-304,Mil,Luftwaffe,Not a bus,GAF,https://www.bundeswehr.de/de/organisation/luftwaffe,N
3F8518,10+24,German Air Force,Airbus A310-304,Mil,Luftwaffe,Not a bus,GAF,https://www.bundeswehr.de/de/organisation/luftwaffe,N
3F8519,10+25,German Air Force,Airbus A310-304,Mil,Luftwaffe,Not a bus,GAF,https://www.bundeswehr.de/de/organisation/luftwaffe,N
3F851B,10+27,German Air Force,Airbus A310-304,Mil,Luftwaffe,Not a bus,GAF,https://www.bundeswehr.de/de/organisation/luftwaffe,N
3F851A,10+26,German Air Force,Airbus A310-304F,Mil,Luftwaffe,Not a bus,GAF,https://www.bundeswehr.de/de/organisation/luftwaffe,N
3EB1A6,16+01,German Air Force,Airbus A340-313X,Mil,Luftwaffe,Not a bus,GAF,https://www.bundeswehr.de/de/organisation/luftwaffe,N
3E89E7,16+02,German Air Force,Airbus A340-313X,Mil,Luftwaffe,Not a bus,GAF,https://www.bundeswehr.de/de/organisation/luftwaffe,N
3E854F,10+03,German Air Force,Airbus A350-941,Mil,Shiny,Not A Bus,GAF,https://www.bundeswehr.de/de/organisation/luftwaffe,N
3F4368,54+01,German Air Force,Airbus A400M,Mil,Luftwaffe,Heavy Duty,GAF,https://www.bundeswehr.de/de/organisation/luftwaffe,N
3E9BF7,54+02,German Air Force,Airbus A400M,Mil,Luftwaffe,Heavy Duty,GAF,https://www.bundeswehr.de/de/organisation/luftwaffe,N
3EA1CC,54+04,German Air Force,Airbus A400M,Mil,Luftwaffe,Heavy Duty,GAF,https://www.bundeswehr.de/de/organisation/luftwaffe,N
3EA653,54+05,German Air Force,Airbus A400M,Mil,Luftwaffe,Heavy Duty,GAF,https://www.bundeswehr.de/de/organisation/luftwaffe,N
3F7001,54+06,German Air Force,Airbus A400M,Mil,Luftwaffe,Heavy Duty,GAF,https://www.bundeswehr.de/de/organisation/luftwaffe,N
3F79F9,54+07,German Air Force,Airbus A400M,Mil,Luftwaffe,Heavy Duty,GAF,https://www.bundeswehr.de/de/organisation/luftwaffe,N
3F727C,54+08,German Air Force,Airbus A400M,Mil,Luftwaffe,Heavy Duty,GAF,https://www.bundeswehr.de/de/organisation/luftwaffe,N
3F7588,54+09,German Air Force,Airbus A400M,Mil,Luftwaffe,Heavy Duty,GAF,https://www.bundeswehr.de/de/organisation/luftwaffe,N
3F6682,54+11,German Air Force,Airbus A400M,Mil,Luftwaffe,Heavy Duty,GAF,https://www.bundeswehr.de/de/organisation/luftwaffe,N
3F64F6,54+21,German Air Force,Airbus A400M,Mil,Zoomies,Danger Zone,GAF,https://www.bundeswehr.de/de/organisation/luftwaffe,N
3E8E96,54+34,German Air Force,Airbus A400M,Mil,Luftwaffe,Heavy Duty,GAF,https://www.bundeswehr.de/de/organisation/luftwaffe,N
3EA048,5426,German Air Force,Airbus A400M,Mil,Luftwaffe,Heavy Duty,GAF,https://www.bundeswehr.de/de/organisation/luftwaffe,N
3E8B41,54+13,German Air Force,Airbus A400M-180,Mil,Luftwaffe,Heavy Duty,GAF,https://www.bundeswehr.de/de/organisation/luftwaffe,N
3F4BA9,54+20,German Air Force,Airbus A400M-180,Mil,Luftwaffe,Heavy Duty,GAF,https://www.bundeswehr.de/de/organisation/luftwaffe,N
3F66B0,54+32,German Air Force,Airbus A400M-180,Mil,Luftwaffe,Heavy Duty,GAF,https://www.bundeswehr.de/de/organisation/luftwaffe,N
3F7DC1,15+01,German Air Force,Airbus ACJ319-133X,Mil,Luftwaffe,Not a bus,GAF,https://www.bundeswehr.de/de/organisation/luftwaffe,N
3F551D,15+02,German Air Force,Airbus ACJ319-133X,Mil,Luftwaffe,Not a bus,GAF,https://www.bundeswehr.de/de/organisation/luftwaffe,N
3F97FD,15+04,German Air Force,Airbus ACJ321-231,Mil,Luftwaffe,Not a bus,GAF,https://www.bundeswehr.de/de/organisation/luftwaffe,N
3CE139,D-CMPD,German Air Force,Beechcraft B200GT King Air,Mil,Luftwaffe,Not so VIP,GAF,https://www.bundeswehr.de/de/organisation/luftwaffe,N
3FA360,70+96,German Air Force,Bell UH-1D Iroquois,Mil,Luftwaffe,Chopper,GAF,https://www.bundeswehr.de/de/organisation/luftwaffe,N
3DF28B,625,German Air Force,Bo.105 M,Mil,Luftwaffe,Chopper,GAF,https://www.bundeswehr.de/de/organisation/luftwaffe,N
3F58AE,14+01,German Air Force,Bombardier BD-700 Global 5000,Mil,Luftwaffe,VIP,GAF,https://www.bundeswehr.de/de/organisation/luftwaffe,N
3F4E27,14+02,German Air Force,Bombardier BD-700 Global 5000,Mil,Luftwaffe,VIP,GAF,https://www.bundeswehr.de/de/organisation/luftwaffe,N
3F6533,14+03,German Air Force,Bombardier BD-700 Global 5000,Mil,Luftwaffe,VIP,GAF,https://www.bundeswehr.de/de/organisation/luftwaffe,N
3F7B3C,14+04,German Air Force,Bombardier BD-700 Global 5000,Mil,Luftwaffe,VIP,GAF,https://www.bundeswehr.de/de/organisation/luftwaffe,N
3E95CA,14+05,German Air Force,Bombardier BD-700 Global 6000,Mil,Luftwaffe,VIP,GAF,https://www.bundeswehr.de/de/organisation/luftwaffe,N
3EBD41,14+06,German Air Force,Bombardier BD-700 Global 6000,Mil,Luftwaffe,VIP,GAF,https://www.bundeswehr.de/de/organisation/luftwaffe,N
3EBE12,14+07,German Air Force,Bombardier BD-700 Global 6000,Mil,Luftwaffe,VIP,GAF,https://www.bundeswehr.de/de/organisation/luftwaffe,N
3F8ED6,12+03,German Air Force,Canadair CL-600-2A12 Challenger 601,Mil,Luftwaffe,VIP,GAF,https://www.bundeswehr.de/de/organisation/luftwaffe,N
3F8F06,30+06,German Air Force,Eurofighter Typhoon,Mil,Zoomies,Danger Zone,GAF,https://www.bundeswehr.de/de/organisation/luftwaffe,N
3F8F0B,30+11,German Air Force,Eurofighter Typhoon,Mil,Zoomies,Danger Zone,GAF,https://www.bundeswehr.de/de/organisation/luftwaffe,N
3F8F0C,30+12,German Air Force,Eurofighter Typhoon,Mil,Zoomies,Danger Zone,GAF,https://www.bundeswehr.de/de/organisation/luftwaffe,N
3F8F0F,30+15,German Air Force,Eurofighter Typhoon,Mil,Zoomies,Danger Zone,GAF,https://www.bundeswehr.de/de/organisation/luftwaffe,N
3F8F17,30+23,German Air Force,Eurofighter Typhoon,Mil,Zoomies,Danger Zone,GAF,https://www.bundeswehr.de/de/organisation/luftwaffe,N
3F8F19,30+25,German Air Force,Eurofighter Typhoon,Mil,Zoomies,Danger Zone,GAF,https://www.bundeswehr.de/de/organisation/luftwaffe,N
3F8F1C,30+28,German Air Force,Eurofighter Typhoon,Mil,Zoomies,Danger Zone,GAF,https://www.bundeswehr.de/de/organisation/luftwaffe,N
3EB4FA,30+30,German Air Force,Eurofighter Typhoon,Mil,Zoomies,Danger Zone,GAF,https://www.bundeswehr.de/de/organisation/luftwaffe,N
3F8F21,30+33,German Air Force,Eurofighter Typhoon,Mil,Zoomies,Danger Zone,GAF,https://www.bundeswehr.de/de/organisation/luftwaffe,N
3F8F28,30+40,German Air Force,Eurofighter Typhoon,Mil,Zoomies,Danger Zone,GAF,https://www.bundeswehr.de/de/organisation/luftwaffe,N
3F7AB3,30+68,German Air Force,Eurofighter Typhoon,Mil,Zoomies,Danger Zone,GAF,https://www.bundeswehr.de/de/organisation/luftwaffe,N
3EA836,30+75,German Air Force,Eurofighter Typhoon,Mil,Zoomies,Danger Zone,GAF,https://www.bundeswehr.de/de/organisation/luftwaffe,N
3F5B0F,30+84,German Air Force,Eurofighter Typhoon,Mil,Zoomies,Danger Zone,GAF,https://www.bundeswehr.de/de/organisation/luftwaffe,N
3F5C84,31+04,German Air Force,Eurofighter Typhoon,Mil,Zoomies,Danger Zone,GAF,https://www.bundeswehr.de/de/organisation/luftwaffe,N
3F8D6C,31+05,German Air Force,Eurofighter Typhoon,Mil,Zoomies,Danger Zone,GAF,https://www.bundeswehr.de/de/organisation/luftwaffe,N
3E9335,3X+XX,German Air Force,Eurofighter Typhoon,Mil,Zoomies,Danger Zone,GAF,https://www.bundeswehr.de/de/organisation/luftwaffe,N
3FB107,98+07,German Air Force,Eurofighter Typhoon,Mil,Zoomies,Danger Zone,GAF,https://www.bundeswehr.de/de/organisation/luftwaffe,N
3F8F03,30+03,German Air Force,Eurofighter Typhoon (T),Mil,Zoomies,Danger Zone,GAF,https://www.bundeswehr.de/de/organisation/luftwaffe,N
3F8F0A,30+10,German Air Force,Eurofighter Typhoon (T),Mil,Zoomies,Danger Zone,GAF,https://www.bundeswehr.de/de/organisation/luftwaffe,N
3F8F0E,30+14,German Air Force,Eurofighter Typhoon (T),Mil,Zoomies,Danger Zone,GAF,https://www.bundeswehr.de/de/organisation/luftwaffe,N
3F8F14,30+20,German Air Force,Eurofighter Typhoon (T),Mil,Zoomies,Danger Zone,GAF,https://www.bundeswehr.de/de/organisation/luftwaffe,N
3F8F18,30+24,German Air Force,Eurofighter Typhoon (T),Mil,Zoomies,Danger Zone,GAF,https://www.bundeswehr.de/de/organisation/luftwaffe,N
3F8F1B,30+27,German Air Force,Eurofighter Typhoon (T),Mil,Zoomies,Danger Zone,GAF,https://www.bundeswehr.de/de/organisation/luftwaffe,N
3E936C,30+35,German Air Force,Eurofighter Typhoon (T),Mil,Zoomies,Danger Zone,GAF,https://www.bundeswehr.de/de/organisation/luftwaffe,N
3FB103,98+03,German Air Force,Eurofighter Typhoon (T),Mil,Zoomies,Danger Zone,GAF,https://www.bundeswehr.de/de/organisation/luftwaffe,N
3FB101,99+01,German Air Force,EuroHawk RQ-4B,Mil,UAV,Eye in the sky,GAF,https://www.bundeswehr.de/de/organisation/luftwaffe,Y
40491E,G-STCH,German Air Force,Fieseler F156A-1 Storch,Mil,History,I am old,GAF,https://www.bundeswehr.de/de/organisation/luftwaffe,Y
3E87C9,43+29,German Air Force,Panavia Tornado,Mil,Zoomies,Danger Zone,GAF,http://torinak.com/qaop#!tll,N
3EB1E3,43+48,German Air Force,Panavia Tornado,Mil,Zoomies,Danger Zone,GAF,http://torinak.com/qaop#!tll,N
3F5F35,44+75,German Air Force,Panavia Tornado,Mil,Zoomies,Danger Zone,GAF,http://torinak.com/qaop#!tll,N
3E8A4F,45+57,German Air Force,Panavia Tornado,Mil,Zoomies,Danger Zone,GAF,http://torinak.com/qaop#!tll,N
3FBC98,46+49,German Air Force,Panavia Tornado,Mil,Zoomies,Danger Zone,GAF,http://torinak.com/qaop#!tll,N
3E92AC,4X-XX,German Air Force,Panavia Tornado,Mil,Zoomies,Danger Zone,GAF,http://torinak.com/qaop#!tll,N
3E8629,4X+XX,German Air Force,Panavia Tornado,Mil,Zoomies,Danger Zone,GAF,http://torinak.com/qaop#!tll,N
3FAA05,84+05,German Air Force,Sikorsky CH-53G Stallion,Mil,Luftwaffe,Ho Ho Ho,GAF,https://www.bundeswehr.de/de/organisation/luftwaffe,N
3FAA06,84+06,German Air Force,Sikorsky CH-53G Stallion,Mil,Luftwaffe,Ho Ho Ho,GAF,https://www.bundeswehr.de/de/organisation/luftwaffe,N
3FAA12,84+18,German Air Force,Sikorsky CH-53G Stallion,Mil,Luftwaffe,Ho Ho Ho,GAF,https://www.bundeswehr.de/de/organisation/luftwaffe,N
3FAA1C,84+28,German Air Force,Sikorsky CH-53G Stallion,Mil,Luftwaffe,Ho Ho Ho,GAF,https://www.bundeswehr.de/de/organisation/luftwaffe,N
3FAA1D,84+29,German Air Force,Sikorsky CH-53G Stallion,Mil,Luftwaffe,Ho Ho Ho,GAF,https://www.bundeswehr.de/de/organisation/luftwaffe,N
3FAA1F,84+31,German Air Force,Sikorsky CH-53G Stallion,Mil,Luftwaffe,Ho Ho Ho,GAF,https://www.bundeswehr.de/de/organisation/luftwaffe,N
3FAA21,84+33,German Air Force,Sikorsky CH-53G Stallion,Mil,Luftwaffe,Ho Ho Ho,GAF,https://www.bundeswehr.de/de/organisation/luftwaffe,N
3FAA22,84+34,German Air Force,Sikorsky CH-53G Stallion,Mil,Luftwaffe,Ho Ho Ho,GAF,https://www.bundeswehr.de/de/organisation/luftwaffe,N
3FAA26,84+38,German Air Force,Sikorsky CH-53G Stallion,Mil,Luftwaffe,Ho Ho Ho,GAF,https://www.bundeswehr.de/de/organisation/luftwaffe,N
3FAA2B,84+43,German Air Force,Sikorsky CH-53G Stallion,Mil,Luftwaffe,Ho Ho Ho,GAF,https://www.bundeswehr.de/de/organisation/luftwaffe,N
3FAA2C,84+44,German Air Force,Sikorsky CH-53G Stallion,Mil,Luftwaffe,Ho Ho Ho,GAF,https://www.bundeswehr.de/de/organisation/luftwaffe,N
3FAA2E,84+46,German Air Force,Sikorsky CH-53G Stallion,Mil,Luftwaffe,Ho Ho Ho,GAF,https://www.bundeswehr.de/de/organisation/luftwaffe,N
3FAA31,84+49,German Air Force,Sikorsky CH-53G Stallion,Mil,Luftwaffe,Ho Ho Ho,GAF,https://www.bundeswehr.de/de/organisation/luftwaffe,N
3FAA32,84+50,German Air Force,Sikorsky CH-53G Stallion,Mil,Luftwaffe,Ho Ho Ho,GAF,https://www.bundeswehr.de/de/organisation/luftwaffe,N
3FAA36,84+54,German Air Force,Sikorsky CH-53G Stallion,Mil,Luftwaffe,Ho Ho Ho,GAF,https://www.bundeswehr.de/de/organisation/luftwaffe,N
3FAA39,84+57,German Air Force,Sikorsky CH-53G Stallion,Mil,Luftwaffe,Ho Ho Ho,GAF,https://www.bundeswehr.de/de/organisation/luftwaffe,N
3FAA3A,84+58,German Air Force,Sikorsky CH-53G Stallion,Mil,Luftwaffe,Ho Ho Ho,GAF,https://www.bundeswehr.de/de/organisation/luftwaffe,N
3FAA3B,84+59,German Air Force,Sikorsky CH-53G Stallion,Mil,Luftwaffe,Ho Ho Ho,GAF,https://www.bundeswehr.de/de/organisation/luftwaffe,N
3FAA3C,84+60,German Air Force,Sikorsky CH-53G Stallion,Mil,Luftwaffe,Ho Ho Ho,GAF,https://www.bundeswehr.de/de/organisation/luftwaffe,N
3FAA3E,84+62,German Air Force,Sikorsky CH-53G Stallion,Mil,Luftwaffe,Ho Ho Ho,GAF,https://www.bundeswehr.de/de/organisation/luftwaffe,N
3FAA3F,84+63,German Air Force,Sikorsky CH-53G Stallion,Mil,Luftwaffe,Ho Ho Ho,GAF,https://www.bundeswehr.de/de/organisation/luftwaffe,N
3FAA41,84+65,German Air Force,Sikorsky CH-53G Stallion,Mil,Luftwaffe,Ho Ho Ho,GAF,https://www.bundeswehr.de/de/organisation/luftwaffe,N
3FAA47,84+71,German Air Force,Sikorsky CH-53G Stallion,Mil,Luftwaffe,Ho Ho Ho,GAF,https://www.bundeswehr.de/de/organisation/luftwaffe,N
3FAA4A,84+74,German Air Force,Sikorsky CH-53G Stallion,Mil,Luftwaffe,Ho Ho Ho,GAF,https://www.bundeswehr.de/de/organisation/luftwaffe,N
3FAA4B,84+75,German Air Force,Sikorsky CH-53G Stallion,Mil,Luftwaffe,Ho Ho Ho,GAF,https://www.bundeswehr.de/de/organisation/luftwaffe,N
3FAA4C,84+76,German Air Force,Sikorsky CH-53G Stallion,Mil,Luftwaffe,Ho Ho Ho,GAF,https://www.bundeswehr.de/de/organisation/luftwaffe,N
3FAA54,84+84,German Air Force,Sikorsky CH-53G Stallion,Mil,Luftwaffe,Ho Ho Ho,GAF,https://www.bundeswehr.de/de/organisation/luftwaffe,N
3FAA57,84+87,German Air Force,Sikorsky CH-53G Stallion,Mil,Luftwaffe,Ho Ho Ho,GAF,https://www.bundeswehr.de/de/organisation/luftwaffe,N
3FAA58,84+88,German Air Force,Sikorsky CH-53G Stallion,Mil,Luftwaffe,Ho Ho Ho,GAF,https://www.bundeswehr.de/de/organisation/luftwaffe,N
3FAA59,84+89,German Air Force,Sikorsky CH-53G Stallion,Mil,Luftwaffe,Ho Ho Ho,GAF,https://www.bundeswehr.de/de/organisation/luftwaffe,N
3FAA5A,84+90,German Air Force,Sikorsky CH-53G Stallion,Mil,Luftwaffe,Ho Ho Ho,GAF,https://www.bundeswehr.de/de/organisation/luftwaffe,N
3FAA5C,84+92,German Air Force,Sikorsky CH-53G Stallion,Mil,Luftwaffe,Ho Ho Ho,GAF,https://www.bundeswehr.de/de/organisation/luftwaffe,N
3FAA5E,84+94,German Air Force,Sikorsky CH-53G Stallion,Mil,Luftwaffe,Ho Ho Ho,GAF,https://www.bundeswehr.de/de/organisation/luftwaffe,N
3FAA5F,84+95,German Air Force,Sikorsky CH-53G Stallion,Mil,Luftwaffe,Ho Ho Ho,GAF,https://www.bundeswehr.de/de/organisation/luftwaffe,N
3FAA61,84+97,German Air Force,Sikorsky CH-53G Stallion,Mil,Luftwaffe,Ho Ho Ho,GAF,https://www.bundeswehr.de/de/organisation/luftwaffe,N
3FAA82,85+02,German Air Force,Sikorsky CH-53G Stallion,Mil,Luftwaffe,Ho Ho Ho,GAF,https://www.bundeswehr.de/de/organisation/luftwaffe,N
3FAA0D,84+13,German Air Force,Sikorsky CH-53GA Stallion,Mil,Luftwaffe,Ho Ho Ho,GAF,https://www.bundeswehr.de/de/organisation/luftwaffe,N
3FAA0F,84+15,German Air Force,Sikorsky CH-53GA Stallion,Mil,Luftwaffe,Ho Ho Ho,GAF,https://www.bundeswehr.de/de/organisation/luftwaffe,N
3FAA19,84+25,German Air Force,Sikorsky CH-53GA Stallion,Mil,Luftwaffe,Ho Ho Ho,GAF,https://www.bundeswehr.de/de/organisation/luftwaffe,N
3FAA1A,84+26,German Air Force,Sikorsky CH-53GA Stallion,Mil,Luftwaffe,Ho Ho Ho,GAF,https://www.bundeswehr.de/de/organisation/luftwaffe,N
3FAA25,84+37,German Air Force,Sikorsky CH-53GA Stallion,Mil,Luftwaffe,Ho Ho Ho,GAF,https://www.bundeswehr.de/de/organisation/luftwaffe,N
3FAA27,84+39,German Air Force,Sikorsky CH-53GA Stallion,Mil,Luftwaffe,Ho Ho Ho,GAF,https://www.bundeswehr.de/de/organisation/luftwaffe,N
3FAA2D,84+45,German Air Force,Sikorsky CH-53GA Stallion,Mil,Luftwaffe,Ho Ho Ho,GAF,https://www.bundeswehr.de/de/organisation/luftwaffe,N
3FAA2F,84+47,German Air Force,Sikorsky CH-53GA Stallion,Mil,Luftwaffe,Ho Ho Ho,GAF,https://www.bundeswehr.de/de/organisation/luftwaffe,N
3FAA33,84+51,German Air Force,Sikorsky CH-53GA Stallion,Mil,Luftwaffe,Ho Ho Ho,GAF,https://www.bundeswehr.de/de/organisation/luftwaffe,N
3FAA34,84+52,German Air Force,Sikorsky CH-53GA Stallion,Mil,Luftwaffe,Ho Ho Ho,GAF,https://www.bundeswehr.de/de/organisation/luftwaffe,N
3FAA35,84+53,German Air Force,Sikorsky CH-53GA Stallion,Mil,Luftwaffe,Ho Ho Ho,GAF,https://www.bundeswehr.de/de/organisation/luftwaffe,N
3FAA40,84+64,German Air Force,Sikorsky CH-53GA Stallion,Mil,Luftwaffe,Ho Ho Ho,GAF,https://www.bundeswehr.de/de/organisation/luftwaffe,N
3FAA42,84+66,German Air Force,Sikorsky CH-53GA Stallion,Mil,Luftwaffe,Ho Ho Ho,GAF,https://www.bundeswehr.de/de/organisation/luftwaffe,N
3FAA43,84+67,German Air Force,Sikorsky CH-53GA Stallion,Mil,Luftwaffe,Ho Ho Ho,GAF,https://www.bundeswehr.de/de/organisation/luftwaffe,N
3FAA44,84+68,German Air Force,Sikorsky CH-53GA Stallion,Mil,Luftwaffe,Ho Ho Ho,GAF,https://www.bundeswehr.de/de/organisation/luftwaffe,N
3FAA49,84+73,German Air Force,Sikorsky CH-53GA Stallion,Mil,Luftwaffe,Ho Ho Ho,GAF,https://www.bundeswehr.de/de/organisation/luftwaffe,N
3FAA4F,84+79,German Air Force,Sikorsky CH-53GA Stallion,Mil,Luftwaffe,Ho Ho Ho,GAF,https://www.bundeswehr.de/de/organisation/luftwaffe,N
3FAA52,84+82,German Air Force,Sikorsky CH-53GA Stallion,Mil,Luftwaffe,Ho Ho Ho,GAF,https://www.bundeswehr.de/de/organisation/luftwaffe,N
3FAA55,84+85,German Air Force,Sikorsky CH-53GA Stallion,Mil,Luftwaffe,Ho Ho Ho,GAF,https://www.bundeswehr.de/de/organisation/luftwaffe,N
3FAA56,84+86,German Air Force,Sikorsky CH-53GA Stallion,Mil,Luftwaffe,Ho Ho Ho,GAF,https://www.bundeswehr.de/de/organisation/luftwaffe,N
3FAA60,84+96,German Air Force,Sikorsky CH-53GA Stallion,Mil,Luftwaffe,Ho Ho Ho,GAF,https://www.bundeswehr.de/de/organisation/luftwaffe,N
3FAA80,85+00,German Air Force,Sikorsky CH-53GA Stallion,Mil,Luftwaffe,Ho Ho Ho,GAF,https://www.bundeswehr.de/de/organisation/luftwaffe,N
3FAA81,85+01,German Air Force,Sikorsky CH-53GA Stallion,Mil,Luftwaffe,Ho Ho Ho,GAF,https://www.bundeswehr.de/de/organisation/luftwaffe,N
3FAA84,85+04,German Air Force,Sikorsky CH-53GA Stallion,Mil,Luftwaffe,Ho Ho Ho,GAF,https://www.bundeswehr.de/de/organisation/luftwaffe,N
3FAA85,85+05,German Air Force,Sikorsky CH-53GA Stallion,Mil,Luftwaffe,Ho Ho Ho,GAF,https://www.bundeswehr.de/de/organisation/luftwaffe,N
3FAA87,85+07,German Air Force,Sikorsky CH-53GA Stallion,Mil,Luftwaffe,Ho Ho Ho,GAF,https://www.bundeswehr.de/de/organisation/luftwaffe,N
3FAA8A,85+10,German Air Force,Sikorsky CH-53GA Stallion,Mil,Luftwaffe,Ho Ho Ho,GAF,https://www.bundeswehr.de/de/organisation/luftwaffe,N
3FAA8C,85+12,German Air Force,Sikorsky CH-53GA Stallion,Mil,Luftwaffe,Ho Ho Ho,GAF,https://www.bundeswehr.de/de/organisation/luftwaffe,N
3F9717,46+23,German Air Force,Tornado ECR,Mil,Zoomies,Danger Zone,GAF,http://torinak.com/qaop#!tll,N
3F7620,46+24,German Air Force,Tornado ECR,Mil,Zoomies,Danger Zone,GAF,http://torinak.com/qaop#!tll,N
3F5FBB,46+25,German Air Force,Tornado ECR,Mil,Zoomies,Danger Zone,GAF,http://torinak.com/qaop#!tll,N
3F971C,46+28,German Air Force,Tornado ECR,Mil,Zoomies,Danger Zone,GAF,http://torinak.com/qaop#!tll,N
3EA437,46+32,German Air Force,Tornado ECR,Mil,Zoomies,Danger Zone,GAF,http://torinak.com/qaop#!tll,N
3F9723,46+35,German Air Force,Tornado ECR,Mil,Zoomies,Danger Zone,GAF,http://torinak.com/qaop#!tll,N
3FBAF9,46+35,German Air Force,Tornado ECR,Mil,Zoomies,Danger Zone,GAF,http://torinak.com/qaop#!tll,N
3EA567,46+36,German Air Force,Tornado ECR,Mil,Zoomies,Danger Zone,GAF,http://torinak.com/qaop#!tll,N
3F575B,46+36,German Air Force,Tornado ECR,Mil,Zoomies,Danger Zone,GAF,http://torinak.com/qaop#!tll,N
3F9724,46+36,German Air Force,Tornado ECR,Mil,Zoomies,Danger Zone,GAF,http://torinak.com/qaop#!tll,N
3F9726,46+38,German Air Force,Tornado ECR,Mil,Zoomies,Danger Zone,GAF,http://torinak.com/qaop#!tll,N
3FB138,46+38,German Air Force,Tornado ECR,Mil,Zoomies,Danger Zone,GAF,http://torinak.com/qaop#!tll,N
3F9728,46+40,German Air Force,Tornado ECR,Mil,Zoomies,Danger Zone,GAF,http://torinak.com/qaop#!tll,N
3EAB46,46+44,German Air Force,Tornado ECR,Mil,Zoomies,Danger Zone,GAF,http://torinak.com/qaop#!tll,N
3F972D,46+45,German Air Force,Tornado ECR,Mil,Zoomies,Danger Zone,GAF,http://torinak.com/qaop#!tll,N
3F9730,46+48,German Air Force,Tornado ECR,Mil,Zoomies,Danger Zone,GAF,http://torinak.com/qaop#!tll,N
3EAB37,46+49,German Air Force,Tornado ECR,Mil,Zoomies,Danger Zone,GAF,http://torinak.com/qaop#!tll,N
3F5E33,46+50,German Air Force,Tornado ECR,Mil,Zoomies,Danger Zone,GAF,http://torinak.com/qaop#!tll,N
3F7D5E,46+51,German Air Force,Tornado ECR,Mil,Zoomies,Danger Zone,GAF,http://torinak.com/qaop#!tll,N
3F9733,46+51,German Air Force,Tornado ECR,Mil,Zoomies,Danger Zone,GAF,http://torinak.com/qaop#!tll,N
3F9734,46+52,German Air Force,Tornado ECR,Mil,Zoomies,Danger Zone,GAF,http://torinak.com/qaop#!tll,N
3E8BCE,46+54,German Air Force,Tornado ECR,Mil,Zoomies,Danger Zone,GAF,http://torinak.com/qaop#!tll,N
3F4D9F,46+54,German Air Force,Tornado ECR,Mil,Zoomies,Danger Zone,GAF,http://torinak.com/qaop#!tll,N
3F75DC,46+54,German Air Force,Tornado ECR,Mil,Zoomies,Danger Zone,GAF,http://torinak.com/qaop#!tll,N
3FBFA1,46+55,German Air Force,Tornado ECR,Mil,Zoomies,Danger Zone,GAF,http://torinak.com/qaop#!tll,N
3F9738,46+56,German Air Force,Tornado ECR,Mil,Zoomies,Danger Zone,GAF,http://torinak.com/qaop#!tll,N
3F9739,46+57,German Air Force,Tornado ECR,Mil,Zoomies,Danger Zone,GAF,http://torinak.com/qaop#!tll,N
3FB159,98+77,German Air Force,Tornado ECR,Mil,Zoomies,Danger Zone,GAF,http://torinak.com/qaop#!tll,N
3FB14F,98+79,German Air Force,Tornado ECR,Mil,Zoomies,Danger Zone,GAF,http://torinak.com/qaop#!tll,N
3F957D,43+25,German Air Force,Tornado IDS,Mil,Zoomies,Danger Zone,GAF,http://torinak.com/qaop#!tll,N
3E819E,43+29,German Air Force,Tornado IDS,Mil,Zoomies,Danger Zone,GAF,http://torinak.com/qaop#!tll,N
3F9584,43+32,German Air Force,Tornado IDS,Mil,Zoomies,Danger Zone,GAF,http://torinak.com/qaop#!tll,N
3F958A,43+38,German Air Force,Tornado IDS,Mil,Zoomies,Danger Zone,GAF,http://torinak.com/qaop#!tll,N
3F9592,43+46,German Air Force,Tornado IDS,Mil,Zoomies,Danger Zone,GAF,http://torinak.com/qaop#!tll,N
3F9596,43+50,German Air Force,Tornado IDS,Mil,Zoomies,Danger Zone,GAF,http://torinak.com/qaop#!tll,N
3EAD21,43+92,German Air Force,Tornado IDS,Mil,Zoomies,Danger Zone,GAF,http://torinak.com/qaop#!tll,N
3F95C6,43+98,German Air Force,Tornado IDS,Mil,Zoomies,Danger Zone,GAF,http://torinak.com/qaop#!tll,N
3F9606,44+06,German Air Force,Tornado IDS,Mil,Zoomies,Danger Zone,GAF,http://torinak.com/qaop#!tll,N
3F9610,44+16,German Air Force,Tornado IDS,Mil,Zoomies,Danger Zone,GAF,http://torinak.com/qaop#!tll,N
3EB1F8,44+21,German Air Force,Tornado IDS,Mil,Zoomies,Danger Zone,GAF,http://torinak.com/qaop#!tll,N
3F81DC,44+21,German Air Force,Tornado IDS,Mil,Zoomies,Danger Zone,GAF,http://torinak.com/qaop#!tll,N
3E8A58,44+23,German Air Force,Tornado IDS,Mil,Zoomies,Danger Zone,GAF,http://torinak.com/qaop#!tll,N
3F961D,44+29,German Air Force,Tornado IDS,Mil,Zoomies,Danger Zone,GAF,http://torinak.com/qaop#!tll,N
3F961E,44+30,German Air Force,Tornado IDS,Mil,Zoomies,Danger Zone,GAF,http://torinak.com/qaop#!tll,N
3EA2D7,44+33,German Air Force,Tornado IDS,Mil,Zoomies,Danger Zone,GAF,http://torinak.com/qaop#!tll,N
3F9622,44+34,German Air Force,Tornado IDS,Mil,Zoomies,Danger Zone,GAF,http://torinak.com/qaop#!tll,N
3F963A,44+58,German Air Force,Tornado IDS,Mil,Zoomies,Danger Zone,GAF,http://torinak.com/qaop#!tll,N
3F963D,44+61,German Air Force,Tornado IDS,Mil,Zoomies,Danger Zone,GAF,http://torinak.com/qaop#!tll,N
3F9640,44+64,German Air Force,Tornado IDS,Mil,Zoomies,Danger Zone,GAF,http://torinak.com/qaop#!tll,N
3F9641,44+65,German Air Force,Tornado IDS,Mil,Zoomies,Danger Zone,GAF,http://torinak.com/qaop#!tll,N
3F9645,44+69,German Air Force,Tornado IDS,Mil,Zoomies,Danger Zone,GAF,http://torinak.com/qaop#!tll,N
3F4305,44+70,German Air Force,Tornado IDS,Mil,Zoomies,Danger Zone,GAF,http://torinak.com/qaop#!tll,N
3F964E,44+78,German Air Force,Tornado IDS,Mil,Zoomies,Danger Zone,GAF,http://torinak.com/qaop#!tll,N
3F964F,44+79,German Air Force,Tornado IDS,Mil,Zoomies,Danger Zone,GAF,http://torinak.com/qaop#!tll,N
3F965A,44+90,German Air Force,Tornado IDS,Mil,Zoomies,Danger Zone,GAF,http://torinak.com/qaop#!tll,N
3F9664,45+00,German Air Force,Tornado IDS,Mil,Zoomies,Danger Zone,GAF,http://torinak.com/qaop#!tll,N
3F966D,45+09,German Air Force,Tornado IDS,Mil,Zoomies,Danger Zone,GAF,http://torinak.com/qaop#!tll,N
3F967A,45+22,German Air Force,Tornado IDS,Mil,Zoomies,Danger Zone,GAF,http://torinak.com/qaop#!tll,N
3F9687,45+35,German Air Force,Tornado IDS,Mil,Zoomies,Danger Zone,GAF,http://torinak.com/qaop#!tll,N
3F9696,45+50,German Air Force,Tornado IDS,Mil,Zoomies,Danger Zone,GAF,http://torinak.com/qaop#!tll,N
3E9F6A,45+57,German Air Force,Tornado IDS,Mil,Zoomies,Danger Zone,GAF,http://torinak.com/qaop#!tll,N
3F6B1D,45+57,German Air Force,Tornado IDS,Mil,Zoomies,Danger Zone,GAF,http://torinak.com/qaop#!tll,N
3F96A4,45+64,German Air Force,Tornado IDS,Mil,Zoomies,Danger Zone,GAF,http://torinak.com/qaop#!tll,N
3F96A6,45+66,German Air Force,Tornado IDS,Mil,Zoomies,Danger Zone,GAF,http://torinak.com/qaop#!tll,N
3F96A7,45+67,German Air Force,Tornado IDS,Mil,Zoomies,Danger Zone,GAF,http://torinak.com/qaop#!tll,N
3F96A8,45+68,German Air Force,Tornado IDS,Mil,Zoomies,Danger Zone,GAF,http://torinak.com/qaop#!tll,N
3F96A9,45+69,German Air Force,Tornado IDS,Mil,Zoomies,Danger Zone,GAF,http://torinak.com/qaop#!tll,N
3F96AB,45+71,German Air Force,Tornado IDS,Mil,Zoomies,Danger Zone,GAF,http://torinak.com/qaop#!tll,N
3F96B0,45+76,German Air Force,Tornado IDS,Mil,Zoomies,Danger Zone,GAF,http://torinak.com/qaop#!tll,N
3F96B9,45+85,German Air Force,Tornado IDS,Mil,Zoomies,Danger Zone,GAF,http://torinak.com/qaop#!tll,N
3E98D9,45+88,German Air Force,Tornado IDS,Mil,Zoomies,Danger Zone,GAF,http://torinak.com/qaop#!tll,N
3FAC9E,45+88,German Air Force,Tornado IDS,Mil,Zoomies,Danger Zone,GAF,http://torinak.com/qaop#!tll,N
3F96BE,45+90,German Air Force,Tornado IDS,Mil,Zoomies,Danger Zone,GAF,http://torinak.com/qaop#!tll,N
3F96C0,45+92,German Air Force,Tornado IDS,Mil,Zoomies,Danger Zone,GAF,http://torinak.com/qaop#!tll,N
3F96C2,45+94,German Air Force,Tornado IDS,Mil,Zoomies,Danger Zone,GAF,http://torinak.com/qaop#!tll,N
3F9702,46+02,German Air Force,Tornado IDS,Mil,Zoomies,Danger Zone,GAF,http://torinak.com/qaop#!tll,N
3F970A,46+10,German Air Force,Tornado IDS,Mil,Zoomies,Danger Zone,GAF,http://torinak.com/qaop#!tll,N
3F970B,46+11,German Air Force,Tornado IDS,Mil,Zoomies,Danger Zone,GAF,http://torinak.com/qaop#!tll,N
3F970C,46+12,German Air Force,Tornado IDS,Mil,Zoomies,Danger Zone,GAF,http://torinak.com/qaop#!tll,N
3F970F,46+15,German Air Force,Tornado IDS,Mil,Zoomies,Danger Zone,GAF,http://torinak.com/qaop#!tll,N
3F9712,46+18,German Air Force,Tornado IDS,Mil,Zoomies,Danger Zone,GAF,http://torinak.com/qaop#!tll,N
3F9714,46+20,German Air Force,Tornado IDS,Mil,Zoomies,Danger Zone,GAF,http://torinak.com/qaop#!tll,N
3F9716,46+22,German Air Force,Tornado IDS,Mil,Zoomies,Danger Zone,GAF,http://torinak.com/qaop#!tll,N
3F581F,4X+XX,German Air Force,Tornado IDS,Mil,Zoomies,Danger Zone,GAF,http://torinak.com/qaop#!tll,N
3FB13C,98+60,German Air Force,Tornado IDS,Mil,Zoomies,Danger Zone,GAF,http://torinak.com/qaop#!tll,N
3F9565,43+01,German Air Force,Tornado IDS(T),Mil,Zoomies,Danger Zone,GAF,http://torinak.com/qaop#!tll,N
3F956E,43+10,German Air Force,Tornado IDS(T),Mil,Zoomies,Danger Zone,GAF,http://torinak.com/qaop#!tll,N
3F958E,43+42,German Air Force,Tornado IDS(T),Mil,Zoomies,Danger Zone,GAF,http://torinak.com/qaop#!tll,N
3F9591,43+45,German Air Force,Tornado IDS(T),Mil,Zoomies,Danger Zone,GAF,http://torinak.com/qaop#!tll,N
3F95C5,43+97,German Air Force,Tornado IDS(T),Mil,Zoomies,Danger Zone,GAF,http://torinak.com/qaop#!tll,N