ICAO,Ident,Operator,Type,CMPG,$Tag 1,#$Tag 2,Category,#Link
502C5C,YL-KSH,Baltic Bees display team,Aero L-39 C,Civ,Do A Barrel Roll,Pass The Sick Bag,Aerobatic Teams,https://en.wikipedia.org/wiki/Baltic_Bees_Jet_Team
511047,ES-YLF,Breitling Team,Aero L-39 C,Civ,Do A Barrel Roll,Pass The Sick Bag,Aerobatic Teams,https://www.breitling.com/gb-en/partnerships/breitling-jet-team
511049,ES-YLR,Breitling Team,Aero L-39 C,Civ,Do A Barrel Roll,Pass The Sick Bag,Aerobatic Teams,https://www.breitling.com/gb-en/partnerships/breitling-jet-team
406481,G-PMIZ,Private,Amateur Built Pitts Special P-12,Civ,Do A Barrel Roll,Old,Aerobatic Teams,https://en.wikipedia.org/wiki/Pitts_Special
407316,G-IIFI,Red Bull Matadors,Xtremeair Sbach XA-41,Civ,Do A Barrel Roll,Pass The Sick Bag,Aerobatic Teams,http://www.matadorsaerobaticteam.com
407315,G-IIIF,Red Bull Matadors,Xtremeair Sbach XA-41,Civ,Do A Barrel Roll,Pass The Sick Bag,Aerobatic Teams,http://www.matadorsaerobaticteam.com
4021BB,G-EWIZ,Rich Goodwin,Pitts Special S-2SE,Civ,Cool,Do A Barrel Roll,Aerobatic Teams,https://en.wikipedia.org/wiki/Pitts_Special
400E1F,G-OFFO,The Blades,Extra EA-300,Civ,Do A Barrel Roll,Pass The Sick Bag,Aerobatic Teams,https://theblades.com
400E20,G-ZXCL,The Blades,Extra EA-300,Civ,Do A Barrel Roll,Pass The Sick Bag,Aerobatic Teams,https://theblades.com
400E21,G-ZXEL,The Blades,Extra EA-300,Civ,Do A Barrel Roll,Pass The Sick Bag,Aerobatic Teams,https://theblades.com
400E22,G-ZEXL,The Blades,Extra EA-300,Civ,Do A Barrel Roll,Pass The Sick Bag,Aerobatic Teams,https://theblades.com
40655A,G-ZXLL,The Blades,Extra EA-300,Civ,Do A Barrel Roll,Pass The Sick Bag,Aerobatic Teams,https://theblades.com
3E1CEA,D-ICDM,The Flying Bulls,Alpha Jet,Civ,Do A Barrel Roll,Already Has Wings,Aerobatic Teams,https://www.flyingbulls.at/en
4407F4,OE-FRB,The Flying Bulls,Alpha Jet,Civ,Do A Barrel Roll,Already Has Wings,Aerobatic Teams,https://www.flyingbulls.at/en
4407F5,OE-FAS,The Flying Bulls,Alpha Jet,Civ,Do A Barrel Roll,Already Has Wings,Aerobatic Teams,https://www.flyingbulls.at/en
440836,OE-FDM,The Flying Bulls,Alpha Jet,Civ,Do A Barrel Roll,Already Has Wings,Aerobatic Teams,https://www.flyingbulls.at/en
4405CD,OE-CKW,The Flying Bulls,Aviat Husky,Civ,Do A Barrel Roll,Already Has Wings,Aerobatic Teams,https://www.flyingbulls.at/en
4408E8,OE-ADM,The Flying Bulls,Beech T-34 Mentor,Civ,Do A Barrel Roll,Already Has Wings,Aerobatic Teams,https://www.flyingbulls.at/en
4405EB,OE-XDM,The Flying Bulls,Bell 47 G-3B-1,Civ,Do A Barrel Roll,Chopper,Aerobatic Teams,https://www.flyingbulls.at/en
A02A6D,N11FX,The Flying Bulls,Bell Cobra TAH-1F,Civ,Do A Barrel Roll,Chopper,Aerobatic Teams,https://www.flyingbulls.at/en
3E0282,D-HSDM,The Flying Bulls,BO 105C,Civ,Do A Barrel Roll,Chopper,Aerobatic Teams,https://www.flyingbulls.at/en
3E0526,D-HTDM,The Flying Bulls,BO 105C,Civ,Do A Barrel Roll,Chopper,Aerobatic Teams,https://www.flyingbulls.at/en
3E07CA,D-HUDM,The Flying Bulls,BO 105S,Civ,Do A Barrel Roll,Chopper,Aerobatic Teams,https://www.flyingbulls.at/en
44066E,OE-XSY,The Flying Bulls,Bristol 171 Sycamore,Civ,Do A Barrel Roll,Alright Me Baber,Aerobatic Teams,https://www.flyingbulls.at/en
ADD6B1,N991DM,The Flying Bulls,Cessna 337 Skymaster,Civ,Do A Barrel Roll,Already Has Wings,Aerobatic Teams,https://www.flyingbulls.at/en
440264,OE-EDM,The Flying Bulls,Cessna CE 208 Apmhibian,Civ,Do A Barrel Roll,Already Has Wings,Aerobatic Teams,https://www.flyingbulls.at/en
4406BC,OE-LDM,The Flying Bulls,Douglas DC-6B,Civ,Do A Barrel Roll,Already Has Wings,Aerobatic Teams,https://www.flyingbulls.at/en
44018B,OE-XFB,The Flying Bulls,Eurocopter EC135,Civ,Do A Barrel Roll,Chopper,Aerobatic Teams,https://www.flyingbulls.at/en
440886,OE-ETV,The Flying Bulls,Eurocopter Squirrel AS.350 HT2,Civ,Do A Barrel Roll,Chopper,Aerobatic Teams,https://www.flyingbulls.at/en
440383,OE-CRB,The Flying Bulls,Extra EA-300,Civ,Do A Barrel Roll,Already Has Wings,Aerobatic Teams,https://www.flyingbulls.at/en
A64B8C,N50429,The Flying Bulls,Fairchild PT-19,Civ,Do A Barrel Roll,Already Has Wings,Aerobatic Teams,https://www.flyingbulls.at/en
A2574B,N25Y,The Flying Bulls,Lockheed P-38 Lightning,Civ,Do A Barrel Roll,Already Has Wings,Aerobatic Teams,https://www.flyingbulls.at/en
A7F8F0,N6123C,The Flying Bulls,North American B-25J Mitchell,Civ,Do A Barrel Roll,Already Has Wings,Aerobatic Teams,https://www.flyingbulls.at/en
440322,OE-ESA,The Flying Bulls,North American T-28B,Civ,Do A Barrel Roll,Already Has Wings,Aerobatic Teams,https://www.flyingbulls.at/en
440136,OE-EMD,The Flying Bulls,Pilatus Porter PC-6,Civ,Do A Barrel Roll,Already Has Wings,Aerobatic Teams,https://www.flyingbulls.at/en
44042B,OE-AMM,The Flying Bulls,PT-17 Stearman,Civ,Do A Barrel Roll,Already Has Wings,Aerobatic Teams,https://www.flyingbulls.at/en
A92949,N69KL,The Flying Bulls,Sukhoi SU-29,Civ,Do A Barrel Roll,Already Has Wings,Aerobatic Teams,https://www.flyingbulls.at/en
440323,OE-EAS,The Flying Bulls,Vought F4U Corsair,Civ,Do A Barrel Roll,Already Has Wings,Aerobatic Teams,https://www.flyingbulls.at/en
3C992C,D-BFIL,Atlas Spare Parts GmbH,Embraer Legacy 450,Civ,Digger,Bizjet,As Seen on TV,https://www.atlasgmbh.com/en/products.aspx
3CB6D6,D-BMVV,BMW Flugdienst GmbH,Dassault Falcon 2000,Civ,Bizjet,Not A Car,As Seen on TV,https://www.volareaviation.gg
3C49B7,D-ABMW,BMW Flugdienst GmbH,Gulfstream G550,Civ,Bizjet,Not A Car,As Seen on TV,https://www.bmwgroup.com/en.html
AD57A2,N959RW,Coca-Cola Company,Gulfstream G600,Civ,Bizjet,Must Be Nice,As Seen on TV,https://www.youtube.com/watch?v=ib-Qiyklq-Q
A83D76,N63XF,Comcast Corp,Gulfstream G650 ER,Civ,Bizjet,Choppa,As Seen on TV,https://www.youtube.com/watch?v=vbHqUNl8YFk&t=6s
A62C34,N497XP,DFS Furniture Company,Raytheon Aircraft Company 400 XP,Civ,Bizjet,Sale Must End Soon,As Seen on TV,https://www.youtube.com/watch?v=DGkhTEZWle4
A88E0D,N650PP,Gaseosas Posada Tobon SA Postobon SA,Bombardier Challenger 650,Civ,Bizjet,Wrong Turn At Albuquerque,As Seen on TV,https://www.postobon.com
A7C7E6,N600GS,Gulfstream Aerospace Corp,Gulfstream GVII-G500,Civ,Bizjet,Ooh Get You,As Seen on TV,https://www.gulfstream.com/en
A2CEA4,N280GU,Gulfstream Aerospace LP,Gulfstream G280,Civ,Bizjet,Ooh Get You,As Seen on TV,https://www.gulfstream.com/en
ACC647,N922H,Honeywell International Inc,Gulfstream G650,Civ,Bizjet,Ooh Get You,As Seen on TV,https://www.honeywell.com/us/en
43E9B5,M-FRZN,Iceland Frozen Foods,Bombardier Challenger 605,Civ,Bizjet,Ooh Get You,As Seen on TV,https://www.youtube.com/watch?v=7-EVAH3HaB0
43E9D5,M-JCBB,JC Bamford Excavators,Gulfstream G650,Civ,Bizjet,Digger,As Seen on TV,https://youtu.be/nLuoCl8ZA2M?t=8
A63AB8,N500J,Johnson & Johnson,Gulfstream G550,Civ,Bizjet,Must Be Nice,As Seen on TV,https://www.jnj.com
A4AD69,N400J,Johnson & Johnson,Gulfstream G650 ER,Civ,Bizjet,Loooong Raaaaaange,As Seen on TV,https://www.jnj.com
AAE2A5,N800J,Johnson & Johnson,Gulfstream G650 ER,Civ,Bizjet,Loooong Raaaaaange,As Seen on TV,https://www.jnj.com
A7CEE7,N602CH,JP Morgan Chase Bank,Gulfstream G600,Civ,Bizjet,Not so VIP,As Seen on TV,https://www.youtube.com/watch?v=dvYvQeNeq3A
AC404F,N889LS,Las Vegas Sands Corp,Boeing 737-NG 73T/W BBJ,Civ,Bizjet,Ooh Get You,As Seen on TV,https://www.youtube.com/watch?v=BQtn9q_wjdE
AAA438,N785MM,Mandalay Resort Group,Embraer Lineage 1000 E,Civ,Bizjet,Ooh Get You,As Seen on TV,https://en.wikipedia.org/wiki/Mandalay_Resort_Group
7618CC,AP-FFL,Pak-Arab Fertilizers,Bombardier Challenger 605,Civ,Bizjet,Ooh Get You,As Seen on TV,https://www.youtube.com/watch?v=7-EVAH3HaB0
4B184A,HB-JFE,Rolex SA,Bombardier Global 6000,Civ,Bizjet,How Much,As Seen on TV,https://www.rolex.com
43EA86,M-ABJA,Ryanair,Bombardier Learjet 45 XR,Civ,Bizjet,Must Be Nice,As Seen on TV,https://www.google.com/search?gs_ssp=eJzj4tTP1TcwLiizLDJg9OLPzUzOSEzNUchXyElNLKoEAHlfCPw&q=michael+o+leary&oq=michael+o+&aqs=chrome.1.69i57j46l4j69i60l3.3711j0j9&sourceid=chrome&ie=UTF-8
AA5B89,N767A,Saudi Aramco,Boeing 767 2AXER,Civ,Must Be Nice,Loooong Raaaaaange,As Seen on TV,https://www.aramco.com
4243BC,VQ-BXG,Shell Aviation Ltd,Dassault Falcon 8X,Civ,Bizjet,Ooh Get You,As Seen on TV,https://www.shell.co.uk/business-customers/shell-aviation.html
4400C7,OE-IDM,The Flying Bulls,Dassault Falcon 900EX,Civ,Bizjet,Ooh Get You,As Seen on TV,https://www.flyingbulls.at/en
43E907,M-TSRI,Timpson Ltd,Beechcraft Corp King Air C90GTX,Civ,Bizjet,Ooh Get You,As Seen on TV,https://www.timpson.co.uk
3C5C45,D-AGBE,Volkswagen Air Service GmbH,Dassault Falcon 7X,Civ,Bizjet,Dieselgate,As Seen on TV,https://de.wikipedia.org/wiki/Volkswagen_Airservice
3C5C46,D-AGBF,Volkswagen Air Service GmbH,Dassault Falcon 7X,Civ,Bizjet,Dieselgate,As Seen on TV,https://de.wikipedia.org/wiki/Volkswagen_Airservice
3C5C47,D-AGBG,Volkswagen Air Service GmbH,Dassault Falcon 7X,Civ,Bizjet,Dieselgate,As Seen on TV,https://de.wikipedia.org/wiki/Volkswagen_Airservice
3C5C48,D-AGBH,Volkswagen Air Service GmbH,Dassault Falcon 7X,Civ,Bizjet,Dieselgate,As Seen on TV,https://de.wikipedia.org/wiki/Volkswagen_Airservice
3C5C49,D-AGBI,Volkswagen Air Service GmbH,Dassault Falcon 7X,Civ,Bizjet,Dieselgate,As Seen on TV,https://de.wikipedia.org/wiki/Volkswagen_Airservice
4001DB,VP-CLB,Volkswagen Air Service GmbH,Dassault Falcon 7X,Civ,Bizjet,Dieselgate,As Seen on TV,https://de.wikipedia.org/wiki/Volkswagen_Airservice
3C5C41,D-AGBA,Volkswagen Air Service GmbH,Dassault Falcon 8X,Civ,Bizjet,Dieselgate,As Seen on TV,https://de.wikipedia.org/wiki/Volkswagen_Airservice
3C5C42,D-AGBB,Volkswagen Air Service GmbH,Dassault Falcon 8X,Civ,Bizjet,Dieselgate,As Seen on TV,https://de.wikipedia.org/wiki/Volkswagen_Airservice
3CF774,D-CVAA,Volkswagen Air Service GmbH,Pilatus PC-24,Civ,Bizjet,Dieselgate,As Seen on TV,https://de.wikipedia.org/wiki/Volkswagen_Airservice
3CF775,D-CVAB,Volkswagen Air Service GmbH,Pilatus PC-24,Civ,Bizjet,Dieselgate,As Seen on TV,https://de.wikipedia.org/wiki/Volkswagen_Airservice
A0D90E,N154AC,Erickson Air-Crane,S-64E Skycrane,Civ,Skycrane,Thunderbird 2,Big Hello,https://en.wikipedia.org/wiki/Sikorsky_S-64_Skycrane
A1008D,N164AC,Erickson Air-Crane,S-64E Skycrane,Civ,Skycrane,Thunderbird 2,Big Hello,https://en.wikipedia.org/wiki/Sikorsky_S-64_Skycrane
A1209E,N172AC,Erickson Air-Crane,S-64E Skycrane,Civ,Skycrane,Thunderbird 2,Big Hello,https://en.wikipedia.org/wiki/Sikorsky_S-64_Skycrane
A12455,N173AC,Erickson Air-Crane,S-64E Skycrane,Civ,Skycrane,Thunderbird 2,Big Hello,https://en.wikipedia.org/wiki/Sikorsky_S-64_Skycrane
A12F7A,N176AC,Erickson Air-Crane,S-64E Skycrane,Civ,Skycrane,Thunderbird 2,Big Hello,https://en.wikipedia.org/wiki/Sikorsky_S-64_Skycrane
A1621E,N189AC,Erickson Air-Crane,S-64E Skycrane,Civ,Skycrane,Thunderbird 2,Big Hello,https://en.wikipedia.org/wiki/Sikorsky_S-64_Skycrane
A1770A,N194AC,Erickson Air-Crane,S-64E Skycrane,Civ,Skycrane,Thunderbird 2,Big Hello,https://en.wikipedia.org/wiki/Sikorsky_S-64_Skycrane
A1D386,N217AC,Erickson Air-Crane,S-64E Skycrane,Civ,Skycrane,Thunderbird 2,Big Hello,https://en.wikipedia.org/wiki/Sikorsky_S-64_Skycrane
A1D73D,N218AC,Erickson Air-Crane,S-64E Skycrane,Civ,Skycrane,Thunderbird 2,Big Hello,https://en.wikipedia.org/wiki/Sikorsky_S-64_Skycrane
A23B27,N243AC,Erickson Air-Crane,S-64E Skycrane,Civ,Skycrane,Thunderbird 2,Big Hello,https://en.wikipedia.org/wiki/Sikorsky_S-64_Skycrane
A24A03,N247AC,Erickson Air-Crane,S-64E Skycrane,Civ,Skycrane,Thunderbird 2,Big Hello,https://en.wikipedia.org/wiki/Sikorsky_S-64_Skycrane
A943AE,N6962R,Erickson Air-Crane,S-64E Skycrane,Civ,Skycrane,Thunderbird 2,Big Hello,https://en.wikipedia.org/wiki/Sikorsky_S-64_Skycrane
A97153,N7073C,Erickson Air-Crane,S-64E Skycrane,Civ,Skycrane,Thunderbird 2,Big Hello,https://en.wikipedia.org/wiki/Sikorsky_S-64_Skycrane
AD4EAB,N957AC,Erickson Air-Crane,S-64E Skycrane,Civ,Skycrane,Thunderbird 2,Big Hello,https://en.wikipedia.org/wiki/Sikorsky_S-64_Skycrane
A0E7EA,N158AC,Erickson Air-Crane,S-64F Skycrane,Civ,Skycrane,Thunderbird 2,Big Hello,https://en.wikipedia.org/wiki/Sikorsky_S-64_Skycrane
A0EBA1,N159AC,Erickson Air-Crane,S-64F Skycrane,Civ,Skycrane,Thunderbird 2,Big Hello,https://en.wikipedia.org/wiki/Sikorsky_S-64_Skycrane
A11CE7,N171AC,Erickson Air-Crane,S-64F Skycrane,Civ,Skycrane,Thunderbird 2,Big Hello,https://en.wikipedia.org/wiki/Sikorsky_S-64_Skycrane
A4CB13,N408HL,Heavy Lift Helicopters,CH-54A Tarhe,Civ,Skycrane,Thunderbird 2,Big Hello,https://en.wikipedia.org/wiki/Sikorsky_S-64_Skycrane
A54E4D,N44094,Heavy Lift Helicopters,CH-54A Tarhe,Civ,Skycrane,Thunderbird 2,Big Hello,https://en.wikipedia.org/wiki/Sikorsky_S-64_Skycrane
AAC0034,N792HT,Helicopter Transport Services,CH-54A Tarhe,Civ,Skycrane,Thunderbird 2,Big Hello,https://en.wikipedia.org/wiki/Sikorsky_S-64_Skycrane
AAC3EB,N793HT,Helicopter Transport Services,CH-54A Tarhe,Civ,Skycrane,Thunderbird 2,Big Hello,https://en.wikipedia.org/wiki/Sikorsky_S-64_Skycrane
AACB59,N795HT,Helicopter Transport Services,CH-54A Tarhe,Civ,Skycrane,Thunderbird 2,Big Hello,https://en.wikipedia.org/wiki/Sikorsky_S-64_Skycrane
A98F61,N715HT,Helicopter Transport Services,CH-54B Tarhe,Civ,Skycrane,Thunderbird 2,Big Hello,https://en.wikipedia.org/wiki/Sikorsky_S-64_Skycrane
A99318,N716HT,Helicopter Transport Services,CH-54B Tarhe,Civ,Skycrane,Thunderbird 2,Big Hello,https://en.wikipedia.org/wiki/Sikorsky_S-64_Skycrane
A99A86,N718HT,Helicopter Transport Services,CH-54B Tarhe,Civ,Skycrane,Thunderbird 2,Big Hello,https://en.wikipedia.org/wiki/Sikorsky_S-64_Skycrane
A99E3D,N917HT,Helicopter Transport Services,CH-54B Tarhe,Civ,Skycrane,Thunderbird 2,Big Hello,https://en.wikipedia.org/wiki/Sikorsky_S-64_Skycrane
A9A44D,N720HT,Helicopter Transport Services,CH-54B Tarhe,Civ,Skycrane,Thunderbird 2,Big Hello,https://en.wikipedia.org/wiki/Sikorsky_S-64_Skycrane
A9A804,N721HT,Helicopter Transport Services,CH-54B Tarhe,Civ,Skycrane,Thunderbird 2,Big Hello,https://en.wikipedia.org/wiki/Sikorsky_S-64_Skycrane
71CC42,HL9442,Korean Forest Service,CH-54A Tarhe,Civ,Skycrane,Thunderbird 2,Big Hello,https://en.wikipedia.org/wiki/Sikorsky_S-64_Skycrane
71CC43,HL9443,Korean Forest Service,CH-54A Tarhe,Civ,Skycrane,Thunderbird 2,Big Hello,https://en.wikipedia.org/wiki/Sikorsky_S-64_Skycrane
71CC44,HL9444,Korean Forest Service,CH-54A Tarhe,Civ,Skycrane,Thunderbird 2,Big Hello,https://en.wikipedia.org/wiki/Sikorsky_S-64_Skycrane
A4D1AF,HL9650,Korean Forest Service,S-64E Skycrane,Civ,Skycrane,Thunderbird 2,Big Hello,https://en.wikipedia.org/wiki/Sikorsky_S-64_Skycrane
ACA12C,N9125M,Siller Helicopters Inc,CH-54A Tarhe,Civ,Skycrane,Thunderbird 2,Big Hello,https://en.wikipedia.org/wiki/Sikorsky_S-64_Skycrane
A4BADE,N4035S,Siller Helicopters Inc,S-64E Skycrane,Civ,Skycrane,Thunderbird 2,Big Hello,https://en.wikipedia.org/wiki/Sikorsky_S-64_Skycrane
A4BB24,N4037S,Siller Helicopters Inc,S-64E Skycrane,Civ,Skycrane,Thunderbird 2,Big Hello,https://en.wikipedia.org/wiki/Sikorsky_S-64_Skycrane
A1822F,I-CFAI,Vigili del Fuoco,S-64F Skycrane,Civ,Skycrane,Thunderbird 2,Big Hello,https://en.wikipedia.org/wiki/Sikorsky_S-64_Skycrane
A22284,I-CFAM,Vigili del Fuoco,S-64F Skycrane,Civ,Skycrane,Thunderbird 2,Big Hello,https://en.wikipedia.org/wiki/Sikorsky_S-64_Skycrane
A0FCD6,N163AC,Wells Fargo Trust,S-64F Skycrane,Civ,Skycrane,Thunderbird 2,Big Hello,https://en.wikipedia.org/wiki/Sikorsky_S-64_Skycrane
400778,G-SWRD,2 Excel Aviation (Broadsword),Boeing 737-300 VIP,Civ,Must Be Nice,VIP,Bizjets,https://www.2excelaviation.com/our-activity
4072CE,G-TGPG,2 Excel Aviation (Broadsword),Boeing 737-300 VIP,Civ,Must Be Nice,VIP,Bizjets,https://www.2excelaviation.com/our-activity
ABDE66,N864HD,Aircraft Guaranty Corp Trustee,Piaggio P-180 Avanti II,Civ,How Does It Fly,Id Get That Seen Too,Bizjets,https://i.pinimg.com/originals/46/de/d9/46ded91e94bc791c81948a6934e9f31b.jpg
896591,A6-RAS,DC Aviation Al-Futtaim,Bombardier Challenger 604,Civ,Must Be Nice,Bizjet,Bizjets,https://www.dc-aviation.ae
A324A9,N301SR,Essar Shipping and Logistics Ltd,Boeing 737-NG 7JV BBJ/W,Civ,Bizjet,Absolute Unit,Bizjets,https://en.wikipedia.org/wiki/Boeing_Business_Jet
A9E51E,N737AT,Hillwood Airways,Boeing 737-NG BBJ,Civ,Bizjet,Absolute Unit,Bizjets,https://en.wikipedia.org/wiki/Boeing_Business_Jet
3989E4,F-HCPE,Oyonnair,Piaggio P-180 Avanti II,Civ,How Does It Fly,Id Get That Seen Too,Bizjets,https://i.pinimg.com/originals/46/de/d9/46ded91e94bc791c81948a6934e9f31b.jpg
A6E07B,N542MP,Pans UK Holdings Ltd,Honda Jet,Civ,How Does It Fly,Id Get That Seen Too,Bizjets,https://www.hondajet.com
A9E60B,N737LE,Polaris Aviation Solutions,Boeing 737-NG BBJ,Civ,Bizjet,Absolute Unit,Bizjets,https://en.wikipedia.org/wiki/Boeing_Business_Jet
3D069D,D-EATH,Private Owner,Piper PA-28,Civ,Wheelbarrow,Jesus He Knows Me,Bizjets,https://en.wikipedia.org/wiki/Death_(Discworld)
06A1C6,A7-CGA,Qatar Executive,Gulfstream G650 ER,Civ,Loooong Raaaaaange,Private Airline,Bizjets,https://www.qatarexec.com.qa
06A1C9,A7-CGD,Qatar Executive,Gulfstream G650 ER,Civ,Ooh Get You,Private Airline,Bizjets,https://www.qatarexec.com.qa
06A1CA,A7-CGE,Qatar Executive,Gulfstream G650 ER,Civ,Ooh Get You,Private Airline,Bizjets,https://www.qatarexec.com.qa
06A1D4,A7-CGP,Qatar Executive,Gulfstream GVII-G500,Civ,Ooh Get You,Private Airline,Bizjets,https://www.qatarexec.com.qa
06A1D5,A7-CGQ,Qatar Executive,Gulfstream GVII-G500,Civ,Ooh Get You,Private Airline,Bizjets,https://www.qatarexec.com.qa
06A1D6,A7-CGR,Qatar Executive,Gulfstream GVII-G500,Civ,Ooh Get You,Private Airline,Bizjets,https://www.qatarexec.com.qa
06A1D7,A7-CGS,Qatar Executive,Gulfstream GVII-G500,Civ,Ooh Get You,Private Airline,Bizjets,https://www.qatarexec.com.qa
400143,VP-BWR,USAL Ltd,Boeing 737-NG BBJ,Civ,Bizjet,Absolute Unit,Bizjets,https://live.staticflickr.com/4426/36458778366_cee1b0574c_b.jpg
5080FD,UR-CBF,Aerovis Airlines,Antonov An-12 A,Civ,Ere Me Now,Vashe Zdorovye,Da Comrade,https://youtu.be/BDn2iGWE4Ec?t=18
5083BC,UR-CPZ,Aerovis Airlines,Antonov An-12 BP,Civ,Ere Me Now,Vashe Zdorovye,Da Comrade,https://youtu.be/BDn2iGWE4Ec?t=18
508003,UR-82029,Antonov Airlines,Antonov An-124 100,Civ,Absolute Unit,Vashe Zdorovye,Da Comrade,https://en.wikipedia.org/wiki/Antonov_An-124_Ruslan
508015,UR-82027,Antonov Airlines,Antonov An-124 100,Civ,Absolute Unit,Vashe Zdorovye,Da Comrade,https://en.wikipedia.org/wiki/Antonov_An-124_Ruslan
50801B,UR-82007,Antonov Airlines,Antonov An-124 100,Civ,Absolute Unit,Vashe Zdorovye,Da Comrade,https://en.wikipedia.org/wiki/Antonov_An-124_Ruslan
50801D,UR-82009,Antonov Airlines,Antonov An-124 100,Civ,Absolute Unit,Vashe Zdorovye,Da Comrade,https://en.wikipedia.org/wiki/Antonov_An-124_Ruslan
50801F,UR-82072,Antonov Airlines,Antonov An-124 100,Civ,Absolute Unit,Vashe Zdorovye,Da Comrade,https://en.wikipedia.org/wiki/Antonov_An-124_Ruslan
508020,UR-82073,Antonov Airlines,Antonov An-124 100,Civ,Absolute Unit,Vashe Zdorovye,Da Comrade,https://en.wikipedia.org/wiki/Antonov_An-124_Ruslan
50801C,UR-82008,Antonov Airlines,Antonov An-124 100M-150,Civ,Absolute Unit,Vashe Zdorovye,Da Comrade,https://en.wikipedia.org/wiki/Antonov_An-124_Ruslan
508029,UR-09307,Antonov Airlines,Antonov An-22,Civ,Cargo,I Must Break You,Da Comrade,https://en.wikipedia.org/wiki/Antonov_An-22
508035,UR-82060,Antonov Airlines,Antonov An-225 Mriya,Civ,Absolute Unit,Cool,Da Comrade,https://www.youtube.com/watch?v=6sggQqdvqHs
5081F9,UR-13395,Antonov Airlines,Antonov An-26 B,Civ,Got It Where It Counts,Vashe Zdorovye,Da Comrade,https://en.wikipedia.org/wiki/Antonov_An-22
152C2A,RA-76842,Aviacon Zitotrans,Ilyushin IL-76 TD,Civ,Cargo,Vashe Zdorovye,Da Comrade,https://en.wikipedia.org/wiki/Ilyushin_Il-76
1533AD,RA-78765,Aviacon Zitotrans,Ilyushin IL-76 TD,Civ,Cargo,Vashe Zdorovye,Da Comrade,https://en.wikipedia.org/wiki/Ilyushin_Il-76
51008B,EW-435TI,Aviakompania Grodno,Antonov An-12 BP,Civ,Ere Me Now,Vashe Zdorovye,Da Comrade,https://youtu.be/BDn2iGWE4Ec?t=18
14FA20,RA-64032,Aviastar-Tu,Tupolev Tu-204 S,Civ,I Must Break You,Vashe Zdorovye,Da Comrade,https://en.wikipedia.org/wiki/Tupolev_Tu-204
451DA8,LZ-FLL,Bright Flight,Antonov An-26 B,Civ,Got It Where It Counts,Vashe Zdorovye,Da Comrade,https://en.wikipedia.org/wiki/Antonov_An-26
14FA0A,RA-64010,Business Aero,Tupolev Tu-204 300A,Civ,I Must Break You,Vashe Zdorovye,Da Comrade,https://en.wikipedia.org/wiki/Tupolev_Tu-204
5080BA,UR-CCP,Cavok Air,Antonov An-12 A,Civ,Ere Me Now,Vashe Zdorovye,Da Comrade,https://youtu.be/BDn2iGWE4Ec?t=18
50822D,UR-CNN,Cavok Air,Antonov An-12 B,Civ,Ere Me Now,Old,Da Comrade,https://youtu.be/BDn2iGWE4Ec?t=18
5082FB,UR-KDM,Cavok Air,Antonov An-12 BK,Civ,Ere Me Now,Vashe Zdorovye,Da Comrade,https://youtu.be/BDn2iGWE4Ec?t=18
50808F,UR-CBG,Cavok Air,Antonov An-12 BP,Civ,Ere Me Now,Vashe Zdorovye,Da Comrade,https://youtu.be/BDn2iGWE4Ec?t=18
508116,UR-CEZ,Cavok Air,Antonov An-12 BP,Civ,Ere Me Now,Vashe Zdorovye,Da Comrade,https://youtu.be/BDn2iGWE4Ec?t=18
5082A0,UR-CKL,Cavok Air,Antonov An-12 BP,Civ,Ere Me Now,Vashe Zdorovye,Da Comrade,https://youtu.be/BDn2iGWE4Ec?t=18
5082A8,UR-CKM,Cavok Air,Antonov An-12 BP,Civ,Ere Me Now,Vashe Zdorovye,Da Comrade,https://youtu.be/BDn2iGWE4Ec?t=18
508179,UR-CJN,Cavok Air,Antonov An-12 TB,Civ,Ere Me Now,Old,Da Comrade,https://youtu.be/BDn2iGWE4Ec?t=18
0B04E2,CU-T1250,Cubana,Ilyushin IL-96 300M,Civ,You Came Here In That Thing,Vashe Zdorovye,Da Comrade,https://en.wikipedia.org/wiki/Ilyushin_Il-96
5080D5,UR-CSJ,Eleron,Antonov An-26 B,Civ,Got It Where It Counts,Vashe Zdorovye,Da Comrade,https://en.wikipedia.org/wiki/Antonov_An-26
51003B,EW-259TG,Genex Air,Antonov An-26 B,Civ,Got It Where It Counts,Vashe Zdorovye,Da Comrade,https://en.wikipedia.org/wiki/Antonov_An-26
51003B,EW-259TG,Genex Air,Antonov An-26 B,Civ,Got It Where It Counts,Vashe Zdorovye,Da Comrade,https://en.wikipedia.org/wiki/Antonov_An-26
51007E,EW-328TG,Genex Air,Antonov An-26 B,Civ,Got It Where It Counts,Vashe Zdorovye,Da Comrade,https://en.wikipedia.org/wiki/Antonov_An-26
5080B3,UR-ZYD,Maximus Air Cargo,Antonov An-124 100,Civ,Absolute Unit,Vashe Zdorovye,Da Comrade,https://en.wikipedia.org/wiki/Antonov_An-124_Ruslan
50815D,UR-CAJ,Meridian,Antonov An-12 BK,Civ,Ere Me Now,Vashe Zdorovye,Da Comrade,https://youtu.be/BDn2iGWE4Ec?t=18
50807B,UR-11316,Motor Sich Aviakompania,Antonov An-12 BK,Civ,Ere Me Now,Vashe Zdorovye,Da Comrade,https://youtu.be/BDn2iGWE4Ec?t=18
5080AB,UR-11819,Motor Sich Aviakompania,Antonov An-12 BP,Civ,Ere Me Now,Vashe Zdorovye,Da Comrade,https://youtu.be/BDn2iGWE4Ec?t=18
15405A,RA-82010,Polet Cargo Airlines,Antonov An-124 100,Civ,Absolute Unit,Vashe Zdorovye,Da Comrade,https://en.wikipedia.org/wiki/Antonov_An-124_Ruslan
4049FA,G-CCJK,Private,Aerostar Yak-52,Civ,Vashe Zdorovye,Old,Da Comrade,https://en.wikipedia.org/wiki/Yakovlev_Yak-52
48DCD1,SP-YGS,Private,Aerostar Yak-52,Civ,Vashe Zdorovye,Old,Da Comrade,https://en.wikipedia.org/wiki/Yakovlev_Yak-52
503D91,LY-HLZ,Private,Aerostar Yak-52,Civ,Vashe Zdorovye,Old,Da Comrade,https://en.wikipedia.org/wiki/Yakovlev_Yak-52
4069C9,G-YAKJ,Private Owner,Yakovlev Yak-18T,Civ,You Came Here In That Thing,Vashe Zdorovye,Da Comrade,https://en.wikipedia.org/wiki/Yakovlev_Yak-18T
510099,EW-450TR,Rada Airlines,Ilyushin IL-62 MGR,Civ,Cargo,Vashe Zdorovye,Da Comrade,https://en.wikipedia.org/wiki/Ilyushin_Il-62
502C12,YL-RAA,RAF Avia,Antonov An-26 B,Civ,Got It Where It Counts,Vashe Zdorovye,Da Comrade,https://en.wikipedia.org/wiki/Antonov_An-26
502C13,YL-RAB,RAF Avia,Antonov An-26 B,Civ,Got It Where It Counts,Vashe Zdorovye,Da Comrade,https://en.wikipedia.org/wiki/Antonov_An-26
452009,LZ-ABJ,Rose Air,Antonov An-26 B,Civ,Got It Where It Counts,Vashe Zdorovye,Da Comrade,https://en.wikipedia.org/wiki/Antonov_An-26
510045,EW-275TI,Ruby Star Airways,Antonov An-12 BK,Civ,Ere Me Now,Vashe Zdorovye,Da Comrade,https://youtu.be/BDn2iGWE4Ec?t=18
5100C6,EW-483TI,Ruby Star Airways,Antonov An-12 BK,Civ,Ere Me Now,Vashe Zdorovye,Da Comrade,https://youtu.be/BDn2iGWE4Ec?t=18
5100C7,EW-484TI,Ruby Star Airways,Antonov An-12 BP,Civ,Ere Me Now,Vashe Zdorovye,Da Comrade,https://youtu.be/BDn2iGWE4Ec?t=18
5100C8,EW-485TI,Ruby Star Airways,Antonov An-12 BP,Civ,Ere Me Now,Vashe Zdorovye,Da Comrade,https://youtu.be/BDn2iGWE4Ec?t=18
510081,EW-383TH,Ruby Star Airways,Ilyushin IL-76 TD,Civ,Cargo,Vashe Zdorovye,Da Comrade,https://en.wikipedia.org/wiki/Ilyushin_Il-76
60005F,EW-412TH,Ruby Star Airways,Ilyushin IL-76 TD,Civ,Cargo,Vashe Zdorovye,Da Comrade,https://en.wikipedia.org/wiki/Ilyushin_Il-76
60184F,EZ-F426,Turkmenistan Airlines,Ilyushin IL-76 TD,Civ,Cargo,Vashe Zdorovye,Da Comrade,https://en.wikipedia.org/wiki/Ilyushin_Il-76
601850,EZ-F427,Turkmenistan Airlines,Ilyushin IL-76 TD,Civ,Cargo,Vashe Zdorovye,Da Comrade,https://en.wikipedia.org/wiki/Ilyushin_Il-76
50815B,UR-CAH,Ukraine Air Alliance,Antonov An-12 BK,Civ,Ere Me Now,Vashe Zdorovye,Da Comrade,https://youtu.be/BDn2iGWE4Ec?t=18
508341,UR-CNT,Ukraine Air Alliance,Antonov An-12 BK,Civ,Ere Me Now,Vashe Zdorovye,Da Comrade,https://youtu.be/BDn2iGWE4Ec?t=18
508190,UR-CGW,Ukraine Air Alliance,Antonov An-12 BP,Civ,Ere Me Now,Vashe Zdorovye,Da Comrade,https://youtu.be/BDn2iGWE4Ec?t=18
508191,UR-CGV,Ukraine Air Alliance,Antonov An-12 BP,Civ,Ere Me Now,Vashe Zdorovye,Da Comrade,https://youtu.be/BDn2iGWE4Ec?t=18
50855E,UR-CAK,Ukraine Air Alliance,Antonov An-12 BP,Civ,Ere Me Now,Vashe Zdorovye,Da Comrade,https://youtu.be/BDn2iGWE4Ec?t=18
5080BB,UR-CZZ,Ukraine Air Alliance,Antonov An-12 TB,Civ,Ere Me Now,Old,Da Comrade,https://youtu.be/BDn2iGWE4Ec?t=18
15407A,RA-82042,Volga-Dnepr Airlines,Antonov An-124 100,Civ,Absolute Unit,Vashe Zdorovye,Da Comrade,https://en.wikipedia.org/wiki/Antonov_An-124_Ruslan
15407B,RA-82043,Volga-Dnepr Airlines,Antonov An-124 100,Civ,Absolute Unit,Vashe Zdorovye,Da Comrade,https://en.wikipedia.org/wiki/Antonov_An-124_Ruslan
15407C,RA-82044,Volga-Dnepr Airlines,Antonov An-124 100,Civ,Absolute Unit,Vashe Zdorovye,Da Comrade,https://en.wikipedia.org/wiki/Antonov_An-124_Ruslan
15407D,RA-82045,Volga-Dnepr Airlines,Antonov An-124 100,Civ,Absolute Unit,Vashe Zdorovye,Da Comrade,https://en.wikipedia.org/wiki/Antonov_An-124_Ruslan
15407E,RA-82046,Volga-Dnepr Airlines,Antonov An-124 100,Civ,Absolute Unit,Vashe Zdorovye,Da Comrade,https://en.wikipedia.org/wiki/Antonov_An-124_Ruslan
15407F,RA-82047,Volga-Dnepr Airlines,Antonov An-124 100,Civ,Absolute Unit,Vashe Zdorovye,Da Comrade,https://en.wikipedia.org/wiki/Antonov_An-124_Ruslan
154094,RA-82068,Volga-Dnepr Airlines,Antonov An-124 100,Civ,Absolute Unit,Vashe Zdorovye,Da Comrade,https://en.wikipedia.org/wiki/Antonov_An-124_Ruslan
15409D,RA-82077,Volga-Dnepr Airlines,Antonov An-124 100,Civ,Absolute Unit,Vashe Zdorovye,Da Comrade,https://en.wikipedia.org/wiki/Antonov_An-124_Ruslan
15409E,RA-82078,Volga-Dnepr Airlines,Antonov An-124 100,Civ,Absolute Unit,Vashe Zdorovye,Da Comrade,https://en.wikipedia.org/wiki/Antonov_An-124_Ruslan
15409F,RA-82079,Volga-Dnepr Airlines,Antonov An-124 100,Civ,Absolute Unit,Vashe Zdorovye,Da Comrade,https://en.wikipedia.org/wiki/Antonov_An-124_Ruslan
1540A1,RA-82081,Volga-Dnepr Airlines,Antonov An-124 100,Civ,Absolute Unit,Vashe Zdorovye,Da Comrade,https://en.wikipedia.org/wiki/Antonov_An-124_Ruslan
5083A2,UR-CQD,Vulkan Air,Antonov An-26 B,Civ,Vashe Zdorovye,Vashe Zdorovye,Da Comrade,https://vulkanair.com
5083C0,UR-CQV,Vulkan Air,Antonov An-26 B,Civ,Vashe Zdorovye,Vashe Zdorovye,Da Comrade,https://vulkanair.com
AA3410,N757AF,DJT Operations,Boeing 757-200,Civ,Orange Danger,Original Nuttah,Dictator Alert,https://data.dictatoralert.org/dictatorships
A9B67C,N725DT,DT Endeavour,Cessna 750,Civ,Orange Danger,Original Nuttah,Dictator Alert,https://data.dictatoralert.org/dictatorships
710277,HZ-AS99,Saudi Royal Flight,Airbus A318-100 ACJ,Civ,Dictator Alert,Mohammed bin Salman,Dictator Alert,https://data.dictatoralert.org/dictatorships
710094,HZ-AS44,Saudi Royal Flight,Airbus A320-200,Civ,Dictator Alert,Mohammed bin Salman,Dictator Alert,https://data.dictatoralert.org/dictatorships
710096,HZ-AS45,Saudi Royal Flight,Airbus A320-200,Civ,Dictator Alert,Mohammed bin Salman,Dictator Alert,https://data.dictatoralert.org/dictatorships
71010B,HZ-124,Saudi Special Flight Services,Airbus A340-200,Civ,Dictator Alert,Mohammed bin Salman,Dictator Alert,https://data.dictatoralert.org/dictatorships
4069E7,G-OSRA,2 Excel Aviation,Boeing 727 2S2F,Civ,Specialist,Old,Distinctive,https://www.2excelaviation.com
406C5D,G-OSRB,2 Excel Aviation,Boeing 727 2S2F,Civ,Specialist,Old,Distinctive,https://www.2excelaviation.com
4B3E7A,HB-XRE,Air Glaciers,Aerospatiale Lama SA.315B,Civ,Hiiiiiigh In The Sky,Choppa,Distinctive,https://verticalmag.com/features/the-mountain-king
394A60,F-GSTA,Airbus Transport International,Airbus A300 B4-608ST Beluga,Civ,Absolute Unit,How Does It Fly,Distinctive,https://en.wikipedia.org/wiki/Airbus_Beluga
394A61,F-GSTB,Airbus Transport International,Airbus A300 B4-608ST Beluga,Civ,Absolute Unit,How Does It Fly,Distinctive,https://en.wikipedia.org/wiki/Airbus_Beluga
394A62,F-GSTC,Airbus Transport International,Airbus A300 B4-608ST Beluga,Civ,Absolute Unit,How Does It Fly,Distinctive,https://en.wikipedia.org/wiki/Airbus_Beluga
394A63,F-GSTD,Airbus Transport International,Airbus A300 B4-608ST Beluga,Civ,Absolute Unit,How Does It Fly,Distinctive,https://en.wikipedia.org/wiki/Airbus_Beluga
394A65,F-GSTF,Airbus Transport International,Airbus A300 B4-608ST Beluga,Civ,Absolute Unit,How Does It Fly,Distinctive,https://en.wikipedia.org/wiki/Airbus_Beluga
38FCBB,F-GXLG,Airbus Transport International,Airbus A330-743L Beluga XL,Civ,Absolute Unit,How Does It Fly,Distinctive,https://en.wikipedia.org/wiki/Airbus_Beluga_XL
395D67,F-GXLH,Airbus Transport International,Airbus A330-743L Beluga XL,Civ,Absolute Unit,How Does It Fly,Distinctive,https://en.wikipedia.org/wiki/Airbus_Beluga_XL
395D68,F-GXLI,Airbus Transport International,Airbus A330-743L Beluga XL,Civ,Absolute Unit,How Does It Fly,Distinctive,https://en.wikipedia.org/wiki/Airbus_Beluga_XL
4B3F1E,HB-XXM,Alouette Swiss AG,Sud Aviation Alouette III SE.316B,Civ,Choppa,I Am Old,Distinctive,https://en.wikipedia.org/wiki/A%C3%A9rospatiale_Alouette_III
4B2F17,HB-RVR,Amici dell Hunter,Hawker Hunter T.68,Civ,Old,Fighter,Distinctive,https://en.wikipedia.org/wiki/Hawker_Hunter
A046CB,N117GA,Berlin Airlift Historical Foundation,Boeing C-97G Stratofreighter,Civ,Angel of Deliverance,The Last of Us,Distinctive,http://www.spiritoffreedom.org/yc97a.html
4B3DC4,HB-XKE,Heliswiss,Kamov Ka-32,Civ,Double Vision,Old,Distinctive,https://en.wikipedia.org/wiki/Kamov_Ka-27
4B3DC0,HB-XKA,Heliswiss International AG,Kamov Ka-32,Civ,Double Vision,Old,Distinctive,https://en.wikipedia.org/wiki/Kamov_Ka-27
403AF7,G-BWGF,Horizon Flight Training,BAC Jet Provost T.5A,Civ,Old,Flying Rust Bucket,Distinctive,https://www.horizonaircraftservices.com
4B2F1B,HB-RVV,Hunter Flying Group,Hawker Hunter T.68,Civ,Old,Fighter,Distinctive,https://en.wikipedia.org/wiki/Hawker_Hunter
4B2F18,HB-RVS,Hunter Verein Obersimmental,Hawker Hunter F.58,Civ,Old,Fighter,Distinctive,https://en.wikipedia.org/wiki/Hawker_Hunter
A4B50C,N402LC,Lynden Air Cargo,Lockheed C-130H Hercules,Civ,Cargo,Brrrrrrrrrrrrrrr,Distinctive,http://www.lynden.com/lac
4850AD,P4-LAS,Lynden Air Cargo,Lockheed L-100-30 Hercules,Civ,Cargo,Brrrrrrrrrrrrrrr,Distinctive,http://www.lynden.com/lac
406C65,G-JWMA,Martin Baker Aircraft,Gloster Meteor T7,Civ,Old,Jump Johnny Jump,Distinctive,https://martin-baker.com
508056,UR-74026,Motor Sich Aviakompania,Antonov An-74TK-200,Civ,Odd,Chonky Boy,Distinctive,https://en.wikipedia.org/wiki/Antonov_An-74
38CF9B,F-WNOV,Novespace/CNES,Airbus A310-304,Civ,Vomit Comet,Pass The Sick Bag,Distinctive,https://www.airzerog.com/the-airbus-a310-zero-g
4B2F1A,HB-RVU,Private,Hawker Hunter F.58,Civ,Old,Fighter,Distinctive,https://en.wikipedia.org/wiki/Hawker_Hunter
40370E,G-BUVA,Private,Piper PA-22 135 Tri-Pacer,Civ,Tricycle,You Came Here In That Thing,Distinctive,https://en.wikipedia.org/wiki/Piper_PA-20_Pacer
402F0E,G-BRFB,Private,Rutan Long-Ez,Civ,Whoosh,Shiny,Distinctive,https://en.wikipedia.org/wiki/Rutan_Long-EZ
40118A,G-TWSR,Private,Silence Aircraft Twister,Civ,Shiny,Whoosh,Distinctive,https://silence-aircraft.de/en/aircraft
A947B9,N69745,Private,Stinson Reliant V-77,Civ,You Came Here In That Thing,Old,Distinctive,https://en.wikipedia.org/wiki/Stinson_Reliant
406D00,G-CIMX,Private,Westland Scout AH.1,Civ,Chopper,Speak Up Sonny,Distinctive,https://en.wikipedia.org/wiki/Westland_Scout
4B42AA,HB-ZGK,Rotex Helicopter AG,Kaman K-1200 K-Max,Civ,Double Vision,Odd,Distinctive,https://en.wikipedia.org/wiki/Kaman_K-MAX
4B4432,HB-ZVM,Rotex Helicopter AG,Kaman K-1200 K-Max,Civ,Double Vision,Odd,Distinctive,https://en.wikipedia.org/wiki/Kaman_K-MAX
A0552B,N120RB,VREF Management Inc,Cirrus Jet Vision SF50,Civ,Backpack Tadpole V-Jet,Shiny,Distinctive,https://cirrusaircraft.com/aircraft/vision-jet
3E120D,D-HYAN,ADAC Luftrettung,Airbus Helicopters H145,Civ,Big Bird,Chopper,Dogs with Jobs,https://luftrettung.adac.de
7C4E12,VH-PPG,AeroRescue,Dornier Do 328 110,Civ,Specialist,She'll Be Right,Dogs with Jobs,https://www.aerorescue.com.au
401387,G-TVHD,Arena Aviation,Eurocopter Twin Squirrel AS.355 NP,Civ,Is This My Good Side,Specialist,Dogs with Jobs,https://www.arena-aircraft.com
403C0C,G-INTV,Arena Aviation,Eurocopter Twin Squirrel AS.355 NP,Civ,Is This My Good Side,Specialist,Dogs with Jobs,https://www.arena-aircraft.com
4042E2,G-BZAH,Army Parachute Association,Cessna 208 B,Civ,Jump Johnny Jump,Perfectly Serviceable Aircraft,Dogs with Jobs,https://www.netheravon.com
4B7F78,T-741,Bundesamt für Landestopografie,DHC-6 Twin Otter 300,Civ,Measuring Stick,STOL,Dogs with Jobs,https://www.bazl.admin.ch/bazl/en/home.html
4B3E60,HB-XQE,Bundesamt für Zivilluftfahrt BAZL,Agusta A.109 E Power,Civ,Measuring Stick,Trundle Wheel,Dogs with Jobs,https://www.bazl.admin.ch/bazl/en/home.html
4B43E5,HB-ZSN,Bundesamt für Zivilluftfahrt BAZL,Airbus Helicopters Squirrel AS.350 B3e,Civ,Measuring Stick,Trundle Wheel,Dogs with Jobs,https://www.bazl.admin.ch/bazl/en/home.html
4B43E6,HB-ZSO,Bundesamt für Zivilluftfahrt BAZL,Airbus Helicopters Squirrel AS.350 B3e,Civ,Measuring Stick,Trundle Wheel,Dogs with Jobs,https://www.bazl.admin.ch/bazl/en/home.html
4B0F70,HB-FWA,Bundesamt für Zivilluftfahrt BAZL,Pilatus PC-XII 47E,Civ,Measuring Stick,Trundle Wheel,Dogs with Jobs,https://www.bazl.admin.ch/bazl/en/home.html
4B2917,HB-POP,Bundesamt für Zivilluftfahrt BAZL,Piper PA-46 350P Malibu Mirage,Civ,Measuring Stick,Trundle Wheel,Dogs with Jobs,https://www.bazl.admin.ch/bazl/en/home.html
A3301A,N304VS,Calspan Corporation,Gates Learjet 25G,Civ,Specialist,Flying Brick,Dogs with Jobs,https://www.calspan.com
400978,G-FPLD,Cobham Flight Inspection,Beechcraft King Air B200,Civ,Specialist,Measuring Stick,Dogs with Jobs,https://www.cobham.com
3CCE70,D-CFME,Flight Calibration Services,Beechcraft 350 Super King Air,Civ,Measuring Stick,Trundle Wheel,Dogs with Jobs,http://www.flight-cal.com
4071F8,G-DVOR,Flight Calibration Services,Diamond Aircraft DA62,Civ,Specialist,Measuring Stick,Dogs with Jobs,http://www.flight-cal.com
4076F1,G-TACN,Flight Calibration Services,Diamond Aircraft DA62,Civ,Measuring Stick,Trundle Wheel,Dogs with Jobs,http://www.flight-cal.com
407908,G-VNAV,Flight Calibration Services,Diamond Aircraft DA62,Civ,Measuring Stick,Trundle Wheel,Dogs with Jobs,http://www.flight-cal.com
AA0308,N744ST,Global Supertanker Service,Boeing 747 Supertanker,Civ,Fire,Hot Hot Hot Hot,Dogs with Jobs,https://en.wikipedia.org/wiki/747_Supertanker
40081A,G-LUXE,Meteorological Research Flight,BAe 146-301,Civ,Measuring Stick,Cool,Dogs with Jobs,https://en.wikipedia.org/wiki/Facility_for_Airborne_Atmospheric_Measurements
406897,G-RIDB,National Grid Electricity Transmission,Bell 429 Global Ranger,Civ,Wichita Lineman,Choppa,Dogs with Jobs,https://www.nationalgrid.com/uk/electricity-transmission
405588,G-RIDA,National Grid Electricity Transmission,Eurocopter Twin Squirrel AS.355 NP,Civ,Wichita Lineman,Chopper,Dogs with Jobs,https://www.nationalgrid.com/uk/electricity-transmission
400D1C,G-NETR,Network Rail,Eurocopter Twin Squirrel AS.355 NP,Civ,Leaves On The Line,Chopper,Dogs with Jobs,https://www.networkrail.co.uk
400FE8,G-NLSE,Network Rail,Eurocopter Twin Squirrel AS.355 NP,Civ,Leaves On The Line,Chopper,Dogs with Jobs,https://www.networkrail.co.uk
4068E8,G-NLDR,Network Rail,Eurocopter Twin Squirrel AS.355 NP,Civ,Leaves On The Line,Chopper,Dogs with Jobs,https://www.networkrail.co.uk
AAAC0E,N787RR,Rolls Royce,Boeing 747-267B,Civ,Testbed,Odd,Dogs with Jobs,https://cdn.jetphotos.com/full/5/14664_1532022759.jpg
407986,G-SVAN,Skydive UK,Cessna 208 B,Civ,Skydive,Foutje Bedankt,Dogs with Jobs,https://lh3.googleusercontent.com/proxy/deMZ9YwYlQLGCEMvJVdtmper_QaSx1z9ish3mBY2n4WM205lEZ4m5O31TuvI7NfPi9Cp-qGvpRUhhHntAOr2DPDL7Y4YFOksuObKPeSCr5wRjMoOAW5sJzvMjwVzBGS-D55EplmOR3mwBL5jtHYc
C001BB,C-FARA,Summit Air,Short Skyvan 3-100,Civ,Skydive,Flying Brick,Dogs with Jobs,https://lh3.googleusercontent.com/proxy/deMZ9YwYlQLGCEMvJVdtmper_QaSx1z9ish3mBY2n4WM205lEZ4m5O31TuvI7NfPi9Cp-qGvpRUhhHntAOr2DPDL7Y4YFOksuObKPeSCr5wRjMoOAW5sJzvMjwVzBGS-D55EplmOR3mwBL5jtHYc
C0607D,C-GKOA,Summit Air,Short Skyvan 3-100,Civ,Skydive,Flying Brick,Dogs with Jobs,https://lh3.googleusercontent.com/proxy/deMZ9YwYlQLGCEMvJVdtmper_QaSx1z9ish3mBY2n4WM205lEZ4m5O31TuvI7NfPi9Cp-qGvpRUhhHntAOr2DPDL7Y4YFOksuObKPeSCr5wRjMoOAW5sJzvMjwVzBGS-D55EplmOR3mwBL5jtHYc
40668B,G-WPDA,Western Power Distribution,Eurocopter EC135 P1,Civ,Wichita Lineman,Big Bird,Dogs with Jobs,https://www.westernpower.co.uk/business-services/helicopter-unit
40668C,G-WPDB,Western Power Distribution,Eurocopter EC135 P1,Civ,Wichita Lineman,Big Bird,Dogs with Jobs,https://www.westernpower.co.uk/business-services/helicopter-unit
4067CD,G-WPDC,Western Power Distribution,Eurocopter EC135 P1,Civ,Wichita Lineman,Big Bird,Dogs with Jobs,https://www.westernpower.co.uk/business-services/helicopter-unit
4067CE,G-WPDD,Western Power Distribution,Eurocopter EC135 P1,Civ,Wichita Lineman,Big Bird,Dogs with Jobs,https://www.westernpower.co.uk/business-services/helicopter-unit
406E1B,G-WPDE,Western Power Distribution,Eurocopter EC135 P1,Civ,Wichita Lineman,Big Bird,Dogs with Jobs,https://www.westernpower.co.uk/business-services/helicopter-unit
43EA62,M-LCFC,Leicester City Football Club,Boeing 737NG 7EI/W BBJ,Civ,Jumpers For Goalposts,Bizjet,Football ,https://www.lcfc.com
4B2F0B,HB-RVF,A-Jet AG,F+W Emmen DH-115 Vampire MK.55,Civ,Fighter,I Am Old,Historic,https://en.wikipedia.org/wiki/De_Havilland_Vampire
C032E0,C-FTGX,ALCI Aviation Ltd,Douglas DC-3 BT-67,Civ,History,Speak Up Sonny,Historic,https://en.wikipedia.org/wiki/Basler_BT-67
C04F42,C-GEAJ,ALCI Aviation Ltd,Douglas DC-3 BT-67,Civ,History,Speak Up Sonny,Historic,https://en.wikipedia.org/wiki/Basler_BT-67
4B208C,HB-MIM,Ariel Lüdi,Bucker Bu 133C Jungmeister ,Civ,Biplane,History,Historic,https://en.wikipedia.org/wiki/B%C3%BCcker_B%C3%BC_133_Jungmeister
4B2D1D,HB-RCF,Association Morane Charlie Fox,D-3801 (Morane MS-406),Civ,Fighter,History,Historic,https://en.wikipedia.org/wiki/Morane-Saulnier_M.S.406
4B2D1D,HB-RCF,Association Morane Charlie Fox,D-3801 (Morane MS-406),Civ,Fighter,History,Historic,https://en.wikipedia.org/wiki/Morane-Saulnier_M.S.406
A0CA7A,N150D,Basler Turbo Conversions,Douglas C-47DL,Civ,History,Speak Up Sonny,Historic,https://en.wikipedia.org/wiki/Douglas_C-47_Skytrain
40687C,G-SHWN,Boultbee Aviation,North American P-51D Mustang,Civ,War Bird,Shiny,Historic,https://en.wikipedia.org/wiki/North_American_P-51_Mustang
40302D,G-BRSF,Boultbee Flight Academy,Supermarine Spitfire IX,Civ,War Bird,Speak Up Sonny,Historic,https://www.boultbeeflightacademy.co.uk/rr232
4071BB,G-IRTY,Boultbee Flight Academy,Supermarine Spitfire IX,Civ,Shiny,History,Historic,https://www.silverspitfire.com
40232B,G-CCCA,Boultbee Flight Academy,Supermarine Spitfire LFIXe,Civ,War Bird,Speak Up Sonny,Historic,https://www.boultbeeflightacademy.co.uk/pv202
403D79,G-ILDA,Boultbee Flight Academy,Supermarine Spitfire T.IX,Civ,War Bird,Speak Up Sonny,Historic,https://www.boultbeeflightacademy.co.uk/sm520
C05669,C-GGSU,CGG Aviation,Douglas DC-3 BT-67,Civ,History,Speak Up Sonny,Historic,https://en.wikipedia.org/wiki/Basler_BT-67
4B2F13,HB-RVN,Eric Chardonnens,F+W Emmen DH-100 Vampire FB6,Civ,Fighter,I Am Old,Historic,https://en.wikipedia.org/wiki/De_Havilland_Vampire
43C32E,LS326,Fly Navy Heritage Trust,Fairey Swordfish II,Civ,Old,Speak Up Sonny,Historic,https://navywings.org.uk
43C32D,W5856,Fly Navy Heritage Trust,Fairey Swordfish IV,Civ,Old,Speak Up Sonny,Historic,https://navywings.org.uk
43C32F,VR930,Fly Navy Heritage Trust,Sea Fury FB11,Civ,Old,Speak Up Sonny,Historic,https://navywings.org.uk
502C61,YL-LEV,Flying Adventure Tours,Antonov An-2 P,Civ,I Am Old,I Must Break You,Historic,https://en.wikipedia.org/wiki/Antonov_An-2
43C332,XP820,Historic Aircraft Flight Trust,DHC-2 Beaver AL1,Civ,Old,Speak Up Sonny,Historic,https://en.wikipedia.org/wiki/De_Havilland_Canada_DHC-2_Beaver
4B13F7,HB-HOP,JU-AIR,Junkers Ju-52,Civ,Tante Ju,Shiny,Historic,https://en.wikipedia.org/wiki/Junkers_Ju_52
4B13FA,HB-HOS,JU-AIR,Junkers Ju-52,Civ,Tante Ju,Shiny,Historic,https://en.wikipedia.org/wiki/Junkers_Ju_52
4B13FB,HB-HOT,JU-AIR,Junkers Ju-52,Civ,Tante Ju,Shiny,Historic,https://en.wikipedia.org/wiki/Junkers_Ju_52
A65F18,N51AB,Plane Fun,CAC CA-18 Mustang Mk.22,Civ,War Bird,Fighter,Historic,https://en.wikipedia.org/wiki/Commonwealth_Aircraft_Corporation
401491,G-ANHX,Private,Auster Aircraft Auster AOP.5,Civ,Speak Up Sonny,I Am Old,Historic,http://www.aerialvisuals.ca/AirframeDossier.php?Serial=114444
401F85,G-BJAL,Private,Bucker 1-131E Jungmann,Civ,Luftwaffe,I Am Old,Historic,https://s3.eu-west-2.amazonaws.com/abpic-media-eu-production/pictures/full_size_0365/1546948-large.jpg
40155A,G-ARMC,Private,DHC-1 Chipmunk 22,Civ,Jump Johnny Jump,Speak Up Sonny,Historic,https://www.youtube.com/watch?v=JMz_gONS8X0
A848AC,N6328T,Private,North American P-51D Mustang,Civ,War Bird,Shiny,Historic,https://en.wikipedia.org/wiki/North_American_P-51_Mustang
40522C,G-CERD,Private,OGMA DHC-1 Chipmunk T.20,Civ,Jump Johnny Jump,Obrigado,Historic,https://www.youtube.com/watch?v=JMz_gONS8X0
4022B9,G-PRXI,Propshop,Supermarine Spitfire PR.XI,Civ,War Bird,Speak Up Sonny,Historic,https://en.wikipedia.org/wiki/Supermarine_Spitfire_(late_Merlin-powered_variants)
A25C59,N251MS,Microsoft Corp,3D Robotics X8+,Civ,UAV,Where Is The Pilot,I For One Welcome our new Overlords,https://www.microsoft.com
A2B67C,N274MS,Microsoft Corp,Ascending Technologies Firefly,Civ,UAV,Where Is The Pilot,I For One Welcome our new Overlords,https://www.microsoft.com
A2F08E,N289MS,Microsoft Corp,DJI Inspire 1,Civ,UAV,Where Is The Pilot,I For One Welcome our new Overlords,https://www.microsoft.com
A3180D,N299MS,Microsoft Corp,DJI Inspire 1,Civ,UAV,Where Is The Pilot,I For One Welcome our new Overlords,https://www.microsoft.com
A7AD80,N594NS,Microsoft Corp,DJI Matrice 100,Civ,UAV,Where Is The Pilot,I For One Welcome our new Overlords,https://www.microsoft.com
A7FE0A,N614EM,Microsoft Corp,DJI Matrice 100,Civ,UAV,Where Is The Pilot,I For One Welcome our new Overlords,https://www.microsoft.com
A083C3,N132MS,Microsoft Corp,Dji Phantom 2 Vision +,Civ,UAV,Where Is The Pilot,I For One Welcome our new Overlords,https://www.microsoft.com
A0D2C1,N152MS,Microsoft Corp,DJI Phantom 2 Vision +,Civ,UAV,Where Is The Pilot,I For One Welcome our new Overlords,https://www.microsoft.com
A0FA40,N162MS,Microsoft Corp,DJI Phantom 2 Vision +,Civ,UAV,Where Is The Pilot,I For One Welcome our new Overlords,https://www.microsoft.com
A1782B,N194MS,Microsoft Corp,DJI Phantom 2 Vision +,Civ,UAV,Where Is The Pilot,I For One Welcome our new Overlords,https://www.microsoft.com
A21112,N232MS,Microsoft Corp,DJI S900,Civ,UAV,Where Is The Pilot,I For One Welcome our new Overlords,https://www.microsoft.com
A292B4,N265MS,Microsoft Corp,Ms Discovery Pro,Civ,UAV,Where Is The Pilot,I For One Welcome our new Overlords,https://www.microsoft.com
AA3930,N758QS,Microsoft Financing Corp,Bombardier Bd-100-1A10,Civ,Bizjet,Balmer Peak,I For One Welcome our new Overlords,https://en.wikipedia.org/wiki/Bombardier_Global_Express
AA558A,N765QS,Microsoft Financing Corp,Bombardier Bd-100-1A10,Civ,Bizjet,Balmer Peak,I For One Welcome our new Overlords,https://en.wikipedia.org/wiki/Bombardier_Global_Express
AAABF6,N787QS,Microsoft Financing Corp,Bombardier Bd-100-1A10,Civ,Bizjet,Balmer Peak,I For One Welcome our new Overlords,https://en.wikipedia.org/wiki/Bombardier_Global_Express
A0A7D6,N141QS,Microsoft Financing Corp,Bombardier Bd-700-1A10,Civ,Bizjet,Balmer Peak,I For One Welcome our new Overlords,https://en.wikipedia.org/wiki/Bombardier_Global_Express
A0AF44,N143QS,Microsoft Financing Corp,Bombardier Bd-700-1A10,Civ,Bizjet,Balmer Peak,I For One Welcome our new Overlords,https://en.wikipedia.org/wiki/Bombardier_Global_Express
A0BA69,N146QS,Microsoft Financing Corp,Bombardier Bd-700-1A10,Civ,Bizjet,Balmer Peak,I For One Welcome our new Overlords,https://en.wikipedia.org/wiki/Bombardier_Global_Express
A0BE20,N147QS,Microsoft Financing Corp,Bombardier Bd-700-1A10,Civ,Bizjet,Balmer Peak,I For One Welcome our new Overlords,https://en.wikipedia.org/wiki/Bombardier_Global_Express
A0C1D7,N148QS,Microsoft Financing Corp,Bombardier Bd-700-1A10,Civ,Bizjet,Balmer Peak,I For One Welcome our new Overlords,https://en.wikipedia.org/wiki/Bombardier_Global_Express
A7FB52,N613QS,Microsoft Financing Corp,Cessna 560Xl,Civ,Bizjet,Balmer Peak,I For One Welcome our new Overlords,https://en.wikipedia.org/wiki/Cessna_Citation_Excel
A8ABE1,N658QS,Microsoft Financing Corp,Cessna 560Xl,Civ,Bizjet,Balmer Peak,I For One Welcome our new Overlords,https://en.wikipedia.org/wiki/Cessna_Citation_Excel
A9374A,N693QS,Microsoft Financing Corp,Cessna 560Xl,Civ,Bizjet,Balmer Peak,I For One Welcome our new Overlords,https://en.wikipedia.org/wiki/Cessna_Citation_Excel
A4A567,N399NC,Nuance Communications,Bombardier Bd-100-1A10,Civ,Bizjet,Balmer Peak,I For One Welcome our new Overlords,https://en.wikipedia.org/wiki/Bombardier_Global_Express
467891,PI-02,Finnish Air Force,Pilatus PC-XII 47,Civ,Wrong Turn at Albuquerque,Shiny,Jesus he Knows me,https://en.wikipedia.org/wiki/Finnish_Air_Force
467893,PI-04,Finnish Air Force,Pilatus PC-XII 47,Civ,Wrong Turn at Albuquerque,Shiny,Jesus he Knows me,https://en.wikipedia.org/wiki/Finnish_Air_Force
467894,PI-05,Finnish Air Force,Pilatus PC-XII 47,Civ,Wrong Turn at Albuquerque,Shiny,Jesus he Knows me,https://en.wikipedia.org/wiki/Finnish_Air_Force
467895,PI-06,Finnish Air Force,Pilatus PC-XII 47,Civ,Wrong Turn at Albuquerque,Shiny,Jesus he Knows me,https://en.wikipedia.org/wiki/Finnish_Air_Force
A06F3A,N127RR,Philadelphia Church of God Inc,Gulfstream G450,Civ,Jesus He Knows Me,Must Be Nice,Jesus he Knows me,https://en.wikipedia.org/wiki/Philadelphia_Church_of_God
AA9992,N782SP,Samaritans Purse,Douglas DC-8-60/70,Civ,Jesus He Knows Me,Old,Jesus he Knows me,https://en.wikipedia.org/wiki/Douglas_DC-8
00A9B2,ZS-PTX,The SA Red Cross Mercy Service,Pilatus PC-XII 47,Civ,Wrong Turn at Albuquerque,Jesus He Knows Me,Jesus he Knows me,https://www.ams.org.za
AB58C1,N830EC,Areus Trilogy LLC,Bombardier BD-100-1A10,Civ,Original Nuttah,U Wot m8,Just Because,https://en.wikipedia.org/wiki/Kelly_Loeffler
40721E,G-HITI,Elstree Ink,Airbus Helicopters Squirrel AS.350 B3e,Civ,Choppa,Is This My Good Side,Just Because,https://www.elstreestudios.co.uk
400DED,G-RULE,Private,Robinson R44 Raven II,Civ,You Came Here In That Thing,Choppa,Just Because,https://robinsonheli.com/r44-specifications
4072C9,G-JRER,Private,Tecnam P.2006T,Civ,Odd,Shiny,Just Because,https://www.tecnam.com/aircraft/p2006t
A77B6F,N581UP,United Parcel Service (UPS),Boeing 747,Civ,You Came Here In That Thing,Flying Rust Bucket,Just Because,https://www.ups.com/gb/en/Home.page
A3026F,N293UP,United Parcel Service (UPS),McDonnell Douglas MD11,Civ,You Came Here In That Thing,Flying Rust Bucket,Just Because,https://www.ups.com/gb/en/Home.page
4067BF,G-HEMN,Babcock MCS Onshore,Eurocopter EC135 T2+,Civ,M*A*S*H,Air Ambo,M*A*S*H,https://www.walesairambulance.com
407386,G-PICU,Children's Air Ambulance Trust,AgustaWestland AW.189,Civ,M*A*S*H,Air Ambo,M*A*S*H,https://theairambulanceservice.org.uk/childrens-air-ambulance
407933,G-CRWL,Cornwall Air Ambulance Trust,AgustaWestland AW.189,Civ,M*A*S*H,Air Ambo,M*A*S*H,https://cornwallairambulancetrust.org
406B1E,G-CIOS,Cornwall Air Ambulance Trust,MD Helicopters MD 900 Explorer,Civ,M*A*S*H,Air Ambo,M*A*S*H,https://cornwallairambulancetrust.org
406C1B,G-CNWL,Cornwall Air Ambulance Trust,MD Helicopters MD 900 Explorer,Civ,M*A*S*H,Air Ambo,M*A*S*H,https://cornwallairambulancetrust.org
40793D,G-DAAS,Devon Air Ambulance,Airbus Helicopters H145,Civ,M*A*S*H,Air Ambo,M*A*S*H,https://www.daat.org
4068CF,G-DAAN,Devon Air Ambulance,Eurocopter EC135 P2+,Civ,Air Ambo,Chopper,M*A*S*H,https://www.daat.org
407152,G-DSAA,Dorset and Somerset Air Ambulance,Leonardo AW169,Civ,M*A*S*H,Air Ambo,M*A*S*H,https://www.dsairambulance.org.uk
3E167A,D-HZSC,DRF Luftrettung,Aerospatiale SA-365N2 Dauphin 2,Civ,M*A*S*H,Air Ambo,M*A*S*H,https://www.drf-luftrettung.de
3DE205,D-HFVP,DRF Luftrettung,Aerospatiale SA-365N3 Dauphin 2,Civ,M*A*S*H,Air Ambo,M*A*S*H,https://www.drf-luftrettung.de
3DDC6B,D-HDSL,DRF Luftrettung,Airbus Helicopters H145,Civ,M*A*S*H,Air Ambo,M*A*S*H,https://www.drf-luftrettung.de
3DDC6E,D-HDSO,DRF Luftrettung,Airbus Helicopters H145,Civ,M*A*S*H,Air Ambo,M*A*S*H,https://www.drf-luftrettung.de
3DDC75,D-HDSV,DRF Luftrettung,Airbus Helicopters H145,Civ,M*A*S*H,Air Ambo,M*A*S*H,https://www.drf-luftrettung.de
3CC57D,D-CCCB,DRF Luftrettung,Gates Learjet 35 A,Civ,M*A*S*H,Bizjet,M*A*S*H,https://www.drf-luftrettung.de
3DE8F9,D-HIMB,DRF Luftrettung,MBB BK.117 B-1,Civ,M*A*S*H,Air Ambo,M*A*S*H,https://www.drf-luftrettung.de
3DFE90,D-HQQQ,DRF Luftrettung,MBB BK.117 B-1,Civ,M*A*S*H,Air Ambo,M*A*S*H,https://www.drf-luftrettung.de
46788B,LJ-3,Finnish Air Force,Gates Learjet 35 A,Civ,M*A*S*H,Bizjet,M*A*S*H,https://en.wikipedia.org/wiki/Finnish_Air_Force
46788C,LJ-2,Finnish Air Force,Gates Learjet 35 A,Civ,M*A*S*H,Bizjet,M*A*S*H,https://en.wikipedia.org/wiki/Finnish_Air_Force
46788D,LJ-1,Finnish Air Force,Gates Learjet 35 A,Civ,M*A*S*H,Bizjet,M*A*S*H,https://en.wikipedia.org/wiki/Finnish_Air_Force
405F81,G-GWAC,Great Western Air Ambulance,Eurocopter EC135 T2+,Civ,M*A*S*H,Air Ambo,M*A*S*H,https://greatwesternairambulance.com
406BA6,G-CWCD,IAS Medical Ltd,Beech B200 Super King Air,Civ,Air Ambo,Id Get That Seen Too,M*A*S*H,https://www.iasmedical.com
C02DE8,C-FRJZ,Latitude Air Ambulance,Israel Aircraft Industries 1125 Astra SP,Civ,M*A*S*H,Bizjet,M*A*S*H,https://latitude2009.com
C04082,C-FYLD,Latitude Air Ambulance,Israel Aircraft Industries 1125 Astra SP,Civ,M*A*S*H,Bizjet,M*A*S*H,https://latitude2009.com
4D028E,LX-ONE,Luxembourg Air Ambulance,Bombardier Learjet 45 XR,Civ,Air Ambo,Id Get That Seen Too,M*A*S*H,http://www.air-ambulance.lu
406B4D,G-NIAA,Northern Ireland Air Ambulance,Beechcraft King Air B200,Civ,M*A*S*H,Air Ambo,M*A*S*H,https://airambulanceni.org
4009FD,G-SPHU,Scotlands Charity Air Ambulance,Eurocopter EC135-T2+,Civ,M*A*S*H,Air Ambo,M*A*S*H,https://www.scaa.org.uk
406D68,G-SASN,Scottish Air Ambulance Service,Airbus Helicopters H145,Civ,M*A*S*H,Air Ambo,M*A*S*H,https://www.scaa.org.uk
4043F8,G-SASR,Specialist Aviation Services Ltd,MD Helicopters MD 900 Explorer,Civ,M*A*S*H,Air Ambo,M*A*S*H,https://www.specialist-aviation.com
ACE73A,N930SA,Spectrum Medical Aviation Inc Trustee,Daher TBM 930,Civ,Air Ambo,Id Get That Seen Too,M*A*S*H,https://www.spectrummedical.com
4B1A02,HB-JWC,Swiss Air Ambulance AG,Bombardier Challenger 650,Civ,M*A*S*H,Air Ambo,M*A*S*H,https://www.swiss-air-ambulance.ch
4071EB,G-TCAA,The Children's Air Ambulance Service,Leonardo AW.169,Civ,M*A*S*H,Air Ambo,M*A*S*H,https://theairambulanceservice.org.uk/childrens-air-ambulance
4071AA,G-WENU,Welsh Air Ambulance,Airbus Helicopters H145,Civ,M*A*S*H,Air Ambo,M*A*S*H,https://www.walesairambulance.com
4071AB,G-WOBR,Welsh Air Ambulance,Airbus Helicopters H145,Civ,M*A*S*H,Air Ambo,M*A*S*H,https://www.walesairambulance.com
406CBC,G-WLTS,Wiltshire Air Ambulance,Bell 429 Global Ranger,Civ,M*A*S*H,Air Ambo,M*A*S*H,https://www.wiltshireairambulance.co.uk
407045,G-YOAA,Yorkshire Air Ambulance,Airbus Helicopters H145,Civ,Yorkshire,Air Ambo,M*A*S*H,https://www.yorkshireairambulance.org.uk
400C86,G-UMMI,2 Excel Aviation,Piper PA-31 Navajo C,Civ,Eye In The Sky,You Aint Seen Me Right,Military Contractors,https://www.secret-bases.co.uk/cia-rendition.htm#MI5
40729C,G-SCIR,2 Excel Aviation,Piper PA-31 Navajo C,Civ,Eye In The Sky,You Aint Seen Me Right,Military Contractors,https://www.secret-bases.co.uk/cia-rendition.htm#MI5
40729D,G-SCTR,2 Excel Aviation,Piper PA-31 Navajo C,Civ,Eye In The Sky,You Aint Seen Me Right,Military Contractors,https://www.secret-bases.co.uk/cia-rendition.htm#MI5
40729E,G-SCMR,2 Excel Aviation,Piper PA-31 Navajo C,Civ,Eye In The Sky,You Aint Seen Me Right,Military Contractors,https://www.secret-bases.co.uk/cia-rendition.htm#MI5
400A76,G-CIFE,2 Excel Aviation (Broadsword),Beechcraft King AIr B200,Civ,Eye In The Sky,U Wot m8,Military Contractors,https://www.secret-bases.co.uk/cia-rendition.htm#MI5
400F3D,G-FSEU,2 Excel Aviation (Broadsword),Beechcraft King AIr B200,Civ,Eye In The Sky,U Wot m8,Military Contractors,https://www.secret-bases.co.uk/cia-rendition.htm#MI5
401046,G-WCCP,2 Excel Aviation (Broadsword),Beechcraft King AIr B200,Civ,Eye In The Sky,U Wot m8,Military Contractors,https://www.secret-bases.co.uk/cia-rendition.htm#MI5
4012AD,G-IMEA,2 Excel Aviation (Broadsword),Beechcraft King AIr B200,Civ,Eye In The Sky,U Wot m8,Military Contractors,https://www.secret-bases.co.uk/cia-rendition.htm#MI5
4055B7,G-JASS,2 Excel Aviation (Broadsword),Beechcraft King AIr B200,Civ,Eye In The Sky,U Wot m8,Military Contractors,https://www.secret-bases.co.uk/cia-rendition.htm#MI5
405F85,G-IASM,2 Excel Aviation (Broadsword),Beechcraft King AIr B200,Civ,Eye In The Sky,U Wot m8,Military Contractors,https://www.secret-bases.co.uk/cia-rendition.htm#MI5
406848,G-UKAL,Aero Lease UK (Police),Reims-Cessna F406 Caravan II,Civ,Eye In The Sky,U Wot m8,Military Contractors,https://www.secret-bases.co.uk/cia-rendition.htm#MI5
406B79,G-VYGJ,AirTanker,Airbus A330-243,Civ,Fill Her Up,Tiger Tokens,Military Contractors,https://www.airtanker.co.uk
406D26,G-VYGK,AirTanker,Airbus A330-243,Civ,Fill Her Up,Tiger Tokens,Military Contractors,https://www.airtanker.co.uk
406D27,G-VYGL,AirTanker,Airbus A330-243,Civ,Fill Her Up,Tiger Tokens,Military Contractors,https://www.airtanker.co.uk
406E9F,G-VYGM,AirTanker,Airbus A330-243,Civ,Fill Her Up,Tiger Tokens,Military Contractors,https://www.airtanker.co.uk
4009D3,G-FRAS,Draken Europe,Dassault Falcon 20C,Civ,Specialist,Target Practice,Military Contractors,https://www.draken.aero
4009D4,G-FRAT,Draken Europe,Dassault Falcon 20C,Civ,Specialist,Target Practice,Military Contractors,https://www.draken.aero
4009D5,G-FRAU,Draken Europe,Dassault Falcon 20C,Civ,Specialist,Target Practice,Military Contractors,https://www.draken.aero
4009CA,G-FRAH,Draken Europe,Dassault Falcon 20D,Civ,Specialist,Target Practice,Military Contractors,https://www.draken.aero
4009CD,G-FRAK,Draken Europe,Dassault Falcon 20D,Civ,Specialist,Target Practice,Military Contractors,https://www.draken.aero
4009D1,G-FRAP,Draken Europe,Dassault Falcon 20D,Civ,Specialist,Target Practice,Military Contractors,https://www.draken.aero
4009D2,G-FRAR,Draken Europe,Dassault Falcon 20D,Civ,Specialist,Target Practice,Military Contractors,https://www.draken.aero
4009C8,G-FFRA,Draken Europe,Dassault Falcon 20DC,Civ,Specialist,Target Practice,Military Contractors,https://www.draken.aero
4009CB,G-FRAI,Draken Europe,Dassault Falcon 20DC,Civ,Specialist,Target Practice,Military Contractors,https://www.draken.aero
4009C9,G-FRAF,Draken Europe,Dassault Falcon 20E,Civ,Specialist,Target Practice,Military Contractors,https://www.draken.aero
4009CC,G-FRAJ,Draken Europe,Dassault Falcon 20E,Civ,Specialist,Target Practice,Military Contractors,https://www.draken.aero
400E15,G-FRAD,Draken Europe,Dassault Falcon 20E,Civ,Specialist,Target Practice,Military Contractors,https://www.draken.aero
4009D6,G-FRAW,Draken Europe,Dassault Falcon 20ECM,Civ,Specialist,Target Practice,Military Contractors,https://www.draken.aero
407B49,G-FRSB,Draken Europe,Dassault Falcon 20F,Civ,Specialist,Target Practice,Military Contractors,https://www.draken.aero
406AD0,G-FFMV,Draken Europe,Diamond Aircraft DA42M-NG Guardian,Civ,Specialist,Target Practice,Military Contractors,https://www.draken.aero
A3CC9A,N344EM,Draken International,Aermacchi MB.339 CB,Civ,Callsign Viper,Target Practice,Military Contractors,https://www.youtube.com/watch?v=jk0gBZtTYUA
A3DB76,N348EM,Draken International,Aermacchi MB.339 CB,Civ,Callsign Viper,Target Practice,Military Contractors,https://www.youtube.com/watch?v=jk0gBZtTYUA
406A2E,G-GMAD,Gama Aviation (UK) Ltd,Beechcraft Corp King Air 350C,Civ,Covert,Eye In The Sky,Military Contractors,https://www.gamaaviation.com/special-mission-2
4073E1,G-DAYP,Gama Aviation (UK) Ltd,Beechcraft Corp King Air 350C,Civ,Covert,Eye In The Sky,Military Contractors,https://www.gamaaviation.com/special-mission-2
407765,G-YVIP,Gama Aviation (UK) Ltd,Beechcraft King Air B200,Civ,Covert,Eye In The Sky,Military Contractors,https://www.gamaaviation.com/special-mission-2
400D24,G-BJEC,Gama Aviation (UK) Ltd,Britten-Norman BN-2T Islander CC2B,Civ,Covert,Eye In The Sky,Military Contractors,https://www.gamaaviation.com/special-mission-2
41CE02,G-BSAH,Gama Aviation (UK) Ltd,Britten-Norman Islander R.1,Civ,Covert,Eye In The Sky,Military Contractors,https://www.gamaaviation.com/special-mission-2
406C60,G-LSCW,Gama Aviation (UK) Ltd,Gulfstream G550,Civ,Covert,Eye In The Sky,Military Contractors,https://www.gamaaviation.com/special-mission-2
3CD066,D-CGFM,Gesellschaft für Flugzieldarstellung,Bombardier Learjet 31 A,Civ,Bizjet,Feierabend,Military Contractors,https://de.wikipedia.org/wiki/GFD_Gesellschaft_f%C3%BCr_Flugzieldarstellung
3CD05A,D-CGFA,Gesellschaft für Flugzieldarstellung,Gates Learjet 35 A,Civ,Bizjet,Feierabend,Military Contractors,https://de.wikipedia.org/wiki/GFD_Gesellschaft_f%C3%BCr_Flugzieldarstellung
3CD05B,D-CGFB,Gesellschaft für Flugzieldarstellung,Gates Learjet 35 A,Civ,Bizjet,Feierabend,Military Contractors,https://de.wikipedia.org/wiki/GFD_Gesellschaft_f%C3%BCr_Flugzieldarstellung
3CD05C,D-CGFC,Gesellschaft für Flugzieldarstellung,Gates Learjet 35 A,Civ,Bizjet,Feierabend,Military Contractors,https://de.wikipedia.org/wiki/GFD_Gesellschaft_f%C3%BCr_Flugzieldarstellung
3CD05D,D-CGFD,Gesellschaft für Flugzieldarstellung,Gates Learjet 35 A,Civ,Bizjet,Feierabend,Military Contractors,https://de.wikipedia.org/wiki/GFD_Gesellschaft_f%C3%BCr_Flugzieldarstellung
3CD061,D-CGFH,Gesellschaft für Flugzieldarstellung,Gates Learjet 35 A,Civ,Bizjet,Feierabend,Military Contractors,https://de.wikipedia.org/wiki/GFD_Gesellschaft_f%C3%BCr_Flugzieldarstellung
3CD063,D-CGFJ,Gesellschaft für Flugzieldarstellung,Gates Learjet 35 A,Civ,Bizjet,Feierabend,Military Contractors,https://de.wikipedia.org/wiki/GFD_Gesellschaft_f%C3%BCr_Flugzieldarstellung
3CD067,D-CGFN,Gesellschaft für Flugzieldarstellung,Gates Learjet 35 A,Civ,Bizjet,Feierabend,Military Contractors,https://de.wikipedia.org/wiki/GFD_Gesellschaft_f%C3%BCr_Flugzieldarstellung
3CD05E,D-CGFE,Gesellschaft für Flugzieldarstellung,Gates Learjet 36 A,Civ,Bizjet,Feierabend,Military Contractors,https://de.wikipedia.org/wiki/GFD_Gesellschaft_f%C3%BCr_Flugzieldarstellung
3CD05F,D-CGFF,Gesellschaft für Flugzieldarstellung,Gates Learjet 36 A,Civ,Bizjet,Feierabend,Military Contractors,https://de.wikipedia.org/wiki/GFD_Gesellschaft_f%C3%BCr_Flugzieldarstellung
401116,G-BVJT,NOR Leasing (Police),Reims-Cessna F406 Caravan II,Civ,Covert,Eye In The Sky,Military Contractors,https://www.secret-bases.co.uk/cia-rendition.htm#MI5
405B28,G-TDSA,NOR Leasing (Police),Reims-Cessna F406 Caravan II,Civ,Covert,Eye In The Sky,Military Contractors,https://www.secret-bases.co.uk/cia-rendition.htm#MI5
4069D9,G-LBSB,Transferred to MOD,Beechcraft Corp King Air 350C,Civ,Covert,Eye In The Sky,Military Contractors,https://www.secret-bases.co.uk/cia-rendition.htm#MI5
484499,P4-MLO,Comlux Aviation,Airbus A330-200,Civ,Not A Bus,Ooh Get You,Must be nice,https://comlux.com
4D2052,9H-TBN,Comlux Aviation,Airbus ACJ319-100,Civ,Not A Bus,Ooh Get You,Must be nice,https://comlux.com
4D22DB,9H-LIV,Comlux Aviation,Airbus ACJ319-100,Civ,Not A Bus,Ooh Get You,Must be nice,https://comlux.com
4D2295,9H-ATB,Comlux Aviation,Airbus ACJ320neo,Civ,Not A Bus,Ooh Get You,Must be nice,https://comlux.com
484361,P4-CLA,Comlux Aviation,Boeing 767-200,Civ,Not A Bus,Ooh Get You,Must be nice,https://comlux.com
4850A1,P4-XTL,Comlux Aviation,Boeing BBJ 777 200-LR,Civ,Not A Bus,Ooh Get You,Must be nice,https://aviapages.com/aircraft/p4-xtl
6831F8,UP-C8505,Comlux Aviation (Kazakhstan),Bombardier CRJ-200,Civ,Not A Bus,Kassym-Jomart Tokayev,Must be nice,https://comlux.com
6831D7,UP-EM007,Comlux Aviation (Kazakhstan),Embraer ERJ-135,Civ,Not A Bus,Kassym-Jomart Tokayev,Must be nice,https://comlux.com
6831E9,UP-EM010,Comlux Aviation (Kazakhstan),Embraer ERJ-135,Civ,Not A Bus,Kassym-Jomart Tokayev,Must be nice,https://comlux.com
683262,UP-EM008,Comlux Aviation (Kazakhstan),Embraer ERJ-135,Civ,Not A Bus,Kassym-Jomart Tokayev,Must be nice,https://comlux.com
68323D,UP-SJ001,Comlux Aviation (Kazakhstan),Sukhoi Superjet 100,Civ,Not A Bus,Kassym-Jomart Tokayev,Must be nice,https://comlux.com
AA6922,N770BB,Yucaipa Companies LLC,Boeing 757-2J4W,Civ,How Much,Ooh Get You,Must be nice,https://en.wikipedia.org/wiki/Yucaipa_Companies
0A4022,7T-WID,Algerian Air Force,Ilyushin IL-76 TD,Civ,Cargo,Matsharfeen,Other Air Forces,https://en.wikipedia.org/wiki/Ilyushin_Il-76
0A4026,7T-WIU,Algerian Air Force,Ilyushin IL-76 TD,Civ,Cargo,Matsharfeen,Other Air Forces,https://en.wikipedia.org/wiki/Ilyushin_Il-76
44F64C,H-38,Belgian Air Component,Augusta 109E,Civ,L-Plate,Pass The Sick Bag,Other Air Forces,https://www.mil.be/nl/over-defensie/luchtcomponent
44F652,H-44,Belgian Air Component,Augusta 109E,Civ,L-Plate,Pass The Sick Bag,Other Air Forces,https://www.mil.be/nl/over-defensie/luchtcomponent
44F421,CH-01,Belgian Air Component,Lockheed C-130H Hercules,Civ,Cargo,Chonky Boy,Other Air Forces,https://www.mil.be/nl/over-defensie/luchtcomponent
4B822D,09-001,Turkish Air Force,Gulfstream G550,Civ,Bizjet,Not A Car,Other Air Forces,https://www.hvkk.tsk.tr
300641,I-VICC,Aeronike ltd,Vulcanair P.68R,Civ,Measuring Stick,Trundle Wheel,Ptolemy would be proud,http://www.aeronike.com/en/home-2
30076D,OY-VPS,Bioflight,Vulcanair P.68C,Civ,Theodolite,Wrong Turn At Albuquerque,Ptolemy would be proud,http://bioflight.dk
459E13,OY-GPS,Bioflight,Vulcanair P.68C,Civ,Theodolite,Wrong Turn At Albuquerque,Ptolemy would be proud,http://bioflight.dk
45B533,OY-MIS,Bioflight,Vulcanair P.68C,Civ,Theodolite,Wrong Turn At Albuquerque,Ptolemy would be proud,http://bioflight.dk
45B593,OY-MLS,Bioflight,Vulcanair P.68C,Civ,Theodolite,Wrong Turn At Albuquerque,Ptolemy would be proud,http://bioflight.dk
45B5D3,OY-MNS,Bioflight,Vulcanair P.68C,Civ,Measuring Stick,Trundle Wheel,Ptolemy would be proud,http://bioflight.dk
45CDD3,OY-SNS,Bioflight,Vulcanair P.68C,Civ,Theodolite,Wrong Turn At Albuquerque,Ptolemy would be proud,http://bioflight.dk
45CF33,OY-SYS,Bioflight,Vulcanair P.68C,Civ,Theodolite,Wrong Turn At Albuquerque,Ptolemy would be proud,http://bioflight.dk
45D1D3,OY-TNS,Bioflight,Vulcanair P.68C,Civ,Theodolite,Wrong Turn At Albuquerque,Ptolemy would be proud,http://bioflight.dk
45D9D3,OY-VNS,Bioflight,Vulcanair P.68C,Civ,Theodolite,Wrong Turn At Albuquerque,Ptolemy would be proud,http://bioflight.dk
45CE13,OY-SPS,Bioflight,Vulcanair P.68R,Civ,Theodolite,Wrong Turn At Albuquerque,Ptolemy would be proud,http://bioflight.dk
3CCE6F,D-CFMD,Flight Calibration Services GmbH,Raytheon Aircraft Company King Air B350,Civ,Measuring Stick,Eye In The Sky,Ptolemy would be proud,http://www.flight-cal.com
48988E,SP-GEO,Opegieka,Vulcanair P.68C,Civ,Trundle Wheel,Measuring Stick,Ptolemy would be proud,https://opegieka.pl
400E5E,G-AWNT,Pixair Survey SAS,BN-2A Islander-2A,Civ,Magic Roundabout,Is This My Good Side,Ptolemy would be proud,https://pixair-survey.com
485EC3,PH-ZCZ,Zeusch Aviation,Beechcraft King Air B200,Civ,Measuring Stick,Magic Roundabout,Ptolemy would be proud,https://zeusch.com
406BC6,G-XXEC,The Queens Helicopter flight ,Agusta Westland A109S,Civ,Yes Maam,Red Carpet,Royal Aircraft,"https://en.wikipedia.org/wiki/Air_transport_of_the_British_royal_family_and_government#:~:text=The%20Queen's%20Helicopter%20Flight%20(TQHF),-The%20Royal%20Household&text=From%201998%20to%202009%2C%20it,flew%20in%20the%20King's%20Flight."
405FE9,G-XXEB,The Queens Helicopter flight ,Sikorsky S76C++,Civ,Yes Maam,Red Carpet,Royal Aircraft,"https://en.wikipedia.org/wiki/Air_transport_of_the_British_royal_family_and_government#:~:text=The%20Queen's%20Helicopter%20Flight%20(TQHF),-The%20Royal%20Household&text=From%201998%20to%202009%2C%20it,flew%20in%20the%20King's%20Flight."
406004,G-XXED,The Queens Helicopter flight ,Sikorsky S76C++,Civ,Yes Maam,Red Carpet,Royal Aircraft,"https://en.wikipedia.org/wiki/Air_transport_of_the_British_royal_family_and_government#:~:text=The%20Queen's%20Helicopter%20Flight%20(TQHF),-The%20Royal%20Household&text=From%201998%20to%202009%2C%20it,flew%20in%20the%20King's%20Flight."
4009B4,G-WPNS,Britten-Norman Aircraft Ltd,Britten-Norman Defender 4000 BN-2T-4R,Civ,Specialist,Eye In The Sky,Under Observation,https://en.wikipedia.org/wiki/Britten-Norman
407757,G-OUEG,Catreus,Bombardier Global 6000,Civ,U Wot m8,Eye In The Sky,Under Observation,https://www.catreus.co.uk
406EEC,G-RSXP,Catreus,Textron Aviation Citation XLS+,Civ,U Wot m8,Eye In The Sky,Under Observation,https://www.catreus.co.uk
48411C,P4-787,Comlux Aviation,Boeing 787-8,Civ,Loooong Raaaaaange,Must Be Nice,Under Observation,https://onemileatatime.com/boeing-787-flies-20-hours-nonstop/?utm_campaign=coschedule&utm_source=facebook_page&utm_medium=One%20Mile%20at%20a%20Time&utm_content=Mysterious%20Boeing%20787%20Flies%2020%2B%20Hours%20Nonstop
407B57,G-WKTO,Diamond Executive Aviation (DEA),Beech E90 King Air,Civ,Covert,Eye In The Sky,Under Observation,https://www.dea.aero
407BDF,G-WKTS,Diamond Executive Aviation (DEA),Beech E90 King Air,Civ,Covert,Eye In The Sky,Under Observation,https://www.dea.aero
400E85,G-DJET,Diamond Executive Aviation (DEA),Diamond Aircraft DA42,Civ,U Wot m8,Eye In The Sky,Under Observation,https://www.dea.aero
406726,G-PAPE,Diamond Executive Aviation (DEA),Diamond Aircraft DA42,Civ,U Wot m8,Eye In The Sky,Under Observation,https://www.dea.aero
406809,G-ZDEA,Diamond Executive Aviation (DEA),Diamond Aircraft DA42,Civ,U Wot m8,Eye In The Sky,Under Observation,https://www.dea.aero
40686F,G-YDEA,Diamond Executive Aviation (DEA),Diamond Aircraft DA42,Civ,U Wot m8,Eye In The Sky,Under Observation,https://www.dea.aero
406870,G-DMNG,Diamond Executive Aviation (DEA),Diamond Aircraft DA42M-NG,Civ,Covert,Eye In The Sky,Under Observation,https://www.diamondaircraft.com/en/special-mission/aircraft/da42-mpp/overview
406658,G-DMPP,Diamond Executive Aviation (DEA),Diamond Aircraft DA42MPP,Civ,Covert,Eye In The Sky,Under Observation,https://www.diamondaircraft.com/en/special-mission/aircraft/da42-mpp/overview
406661,G-EMPP,Diamond Executive Aviation (DEA),Diamond Aircraft DA42MPP,Civ,Covert,Eye In The Sky,Under Observation,https://www.diamondaircraft.com/en/special-mission/aircraft/da42-mpp/overview
40759B,G-WKTG,Diamond Executive Aviation (DEA),Diamond Aircraft DA42MPP,Civ,Covert,Eye In The Sky,Under Observation,https://www.diamondaircraft.com/en/special-mission/aircraft/da42-mpp/overview
407637,G-WKTH,Diamond Executive Aviation (DEA),Diamond Aircraft DA62MPP,Civ,Covert,Eye In The Sky,Under Observation,https://www.diamondaircraft.com/en/special-mission/aircraft/da62-mpp/overview
40785B,G-WKTI,Diamond Executive Aviation (DEA),Diamond Aircraft DA62MPP,Civ,Covert,Eye In The Sky,Under Observation,https://www.diamondaircraft.com/en/special-mission/aircraft/da62-mpp/overview
43ED4B,2-WKTJ,Diamond Executive Aviation (DEA),Raytheon Aircraft Company King Air B350,Civ,Covert,Eye In The Sky,Under Observation,https://www.dea.aero
407B44,G-GMAF,Gama Aviation,Beechcraft King Air B200,Civ,Eye In The Sky,Covert,Under Observation,https://www.gamaaviation.com
AAF2C6,N804X,Northrop Grumman Systems,Bombardier CRJ-700,Civ,Odd,U Wot m8,Under Observation,https://www.northropgrumman.com
43ED51,2-EMBR,Ortac AOC Ltd,Embraer Phenom 300 E,Civ,U Wot m8,Eye In The Sky,Under Observation,http://www.ortac-ops.com
406763,G-RVNP,Ravenair,Vulcanair P.68C,Civ,Eye In The Sky,U Wot m8,Under Observation,https://ravenair.co.uk
400CAD,G-MIND,RVL Aviation Ltd,Cessna 404 Titan,Civ,U Wot m8,Eye In The Sky,Under Observation,https://www.rvl-group.com
400CA9,G-FIND,RVL Aviation Ltd,Reims/Cessna F406 Caravan II,Civ,U Wot m8,Eye In The Sky,Under Observation,https://www.rvl-group.com
407118,G-RVLY,RVL Aviation Ltd,Reims/Cessna F406 Caravan II,Civ,U Wot m8,Eye In The Sky,Under Observation,https://www.rvl-group.com
407359,G-RVVE,RVL Aviation Ltd,SAAB 340 F,Civ,U Wot m8,Eye In The Sky,Under Observation,https://www.rvl-group.com
4076FE,G-REXA,RVL Aviation Ltd,Textron Aviation King Air 200GT,Civ,U Wot m8,Eye In The Sky,Under Observation,https://www.rvl-group.com
407990,G-SADB,Skyborne Aviation,Diamond Aircraft DA42MPP,Civ,Eye In The Sky,U Wot m8,Under Observation,https://www.diamondaircraft.com/en/special-mission/aircraft/da62-mpp/overview
40665B,G-COBS,Thales UK,Diamond Aircraft DA42MPP,Civ,U Wot m8,Eye In The Sky,Under Observation,https://www.diamondaircraft.com/en/special-mission/aircraft/da62-mpp/overview
440377,OE-VDO,Thales UK,Diamond Aircraft DA62MPP,Civ,Covert,Eye In The Sky,Under Observation,https://www.diamondaircraft.com/en/special-mission/aircraft/da62-mpp/overview
440378,OE-VDP,Thales UK,Diamond Aircraft DA62MPP,Civ,Covert,Eye In The Sky,Under Observation,https://www.diamondaircraft.com/en/special-mission/aircraft/da62-mpp/overview
4404D6,OE-FMF,Thales UK,Diamond Aircraft DA62MPP,Civ,Covert,Eye In The Sky,Under Observation,https://www.diamondaircraft.com/en/special-mission/aircraft/da62-mpp/overview
3E2E8A,D-IIVA,Airgo Flugservice,Piaggio P-180 Avanti,Civ,How Does It Fly,Shiny,Vanity Plate,https://i.pinimg.com/originals/46/de/d9/46ded91e94bc791c81948a6934e9f31b.jpg
3E3AB8,D-INKY,Airgo Flugservice,Piaggio P-180 Avanti II,Civ,How Does It Fly,Shiny,Vanity Plate,https://i.pinimg.com/originals/46/de/d9/46ded91e94bc791c81948a6934e9f31b.jpg
3C0F31,D-AUTO,BMW,Gulfstream G550,Civ,Bizjet,Not A Car,Vanity Plate,https://www.bmwgroup.com/en.html
43E9FE,M-AGIK,JMI Aviation Management Ltd,Dassault Falcon 900LX,Civ,Ooh Get You,Loooong Raaaaaange,Vanity Plate,https://www.youtube.com/watch?v=gkkIEC8gkHM
424BA9,M-NSTR,LS Aircraft Limited,Bombardier Global 7500,Civ,Bizjet,Ooh Get You,Vanity Plate,https://en.wikipedia.org/wiki/Herman_Munster
43E9CE,M-USIK,Nassef Sawiris,Gulfstream G650,Civ,Bizjet,Culture Beat,Vanity Plate,https://www.forbes.com/profile/nassef-sawiris
43E9CD,M-KSSN,Osni Sawiris,Gulfstream G650,Civ,Bizjet,Vanity Plate,Vanity Plate,https://en.wikipedia.org/wiki/Onsi_Sawiris
43EEC7,2-DOGZ,Private,Diamond Aircraft DA62,Civ,Culture Beat,Vanity Plate,Vanity Plate,https://live.staticflickr.com/65535/48382535567_58a7caee29_b.jpg
43EAE1,M-ETAL,Private,Piaggio P-180 Avanti II,Civ,How Does It Fly,Id Get That Seen Too,Vanity Plate,https://i.pinimg.com/originals/46/de/d9/46ded91e94bc791c81948a6934e9f31b.jpg
3D9963,D-GEIL,Private,Piper PA-34-220T Seneca V,Civ,Hot Hot Hot Hot,Vanity Plate,Vanity Plate,https://www.youtube.com/watch?v=wpK-rgxXvHU
407984,G-CLMB,Private,Schempp-Hirth Discus 2c FES,Civ,All About That Wingspan,Where Is The Engine,Vanity Plate,https://www.schempp-hirth.com/en
43ED0B,2-FAST,Skypark (UK) Ltd,Piaggio P-180 Avanti,Civ,How Does It Fly,You Came Here In That Thing,Vanity Plate,https://i.pinimg.com/originals/46/de/d9/46ded91e94bc791c81948a6934e9f31b.jpg
43EA85,M-RBIG,Volantair LP Inc,Bombardier Learjet 45,Civ,Culture Beat,Must Be Nice,Vanity Plate,https://www.dailypost.co.uk/news/north-wales-news/who-mr-big-currently-flying-13778035
43EDBA,2-OOOX,Volare Aviation,Dassault Falcon 2000,Civ,Bizjet,Must Be Nice,Vanity Plate,https://www.volareaviation.gg
4079B3,G-RNGS,Empire Test Pilots School,Airbus Helicopters H145,Civ,L-Plate,Pass The Sick Bag,Watch Me Fly,https://en.wikipedia.org/wiki/Empire_Test_Pilots%27_School
40740C,G-ETPE,Empire Test Pilots School,Airbus Helicopters Squirrel AS.350 B3,Civ,L-Plate,Training Wheels,Watch Me Fly,https://en.wikipedia.org/wiki/Empire_Test_Pilots%27_School
40740D,G-ETPF,Empire Test Pilots School,Airbus Helicopters Squirrel AS.350 B3,Civ,L-Plate,Training Wheels,Watch Me Fly,https://en.wikipedia.org/wiki/Empire_Test_Pilots%27_School
40740E,G-ETPG,Empire Test Pilots School,Airbus Helicopters Squirrel AS.350 B3,Civ,L-Plate,Training Wheels,Watch Me Fly,https://en.wikipedia.org/wiki/Empire_Test_Pilots%27_School
40740F,G-ETPH,Empire Test Pilots School,Airbus Helicopters Squirrel AS.350 B3e,Civ,L-Plate,Training Wheels,Watch Me Fly,https://en.wikipedia.org/wiki/Empire_Test_Pilots%27_School
401151,G-ETPJ,Empire Test Pilots School,Augusta 109E,Civ,L-Plate,Pass The Sick Bag,Watch Me Fly,https://en.wikipedia.org/wiki/Empire_Test_Pilots%27_School
405FF8,G-ETPI,Empire Test Pilots School,Augusta 109E,Civ,L-Plate,Pass The Sick Bag,Watch Me Fly,https://en.wikipedia.org/wiki/Empire_Test_Pilots%27_School
4005A9,G-ETPK,Empire Test Pilots School,Avro 146 RJ70,Civ,L-Plate,Training Wheels,Watch Me Fly,https://en.wikipedia.org/wiki/Empire_Test_Pilots%27_School
400871,G-EPTL,Empire Test Pilots School,Avro 146 RJ70,Civ,L-Plate,Pass The Sick Bag,Watch Me Fly,https://en.wikipedia.org/wiki/Empire_Test_Pilots%27_School
406CDB,G-ETPM,Empire Test Pilots School,Diamond Aircraft DA42M-NG,Civ,L-Plate,Training Wheels,Watch Me Fly,https://en.wikipedia.org/wiki/Empire_Test_Pilots%27_School
40738A,G-ETPC,Empire Test Pilots School,Grob G-120 TP-A,Civ,L-Plate,Training Wheels,Watch Me Fly,https://en.wikipedia.org/wiki/Empire_Test_Pilots%27_School
40738B,G-ETPD,Empire Test Pilots School,Grob G-120 TP-A,Civ,L-Plate,Pass The Sick Bag,Watch Me Fly,https://en.wikipedia.org/wiki/Empire_Test_Pilots%27_School
4074C9,G-ETPA,Empire Test Pilots School,Pilatus PC-21,Civ,L-Plate,Training Wheels,Watch Me Fly,https://en.wikipedia.org/wiki/Empire_Test_Pilots%27_School
4074CA,G-ETPB,Empire Test Pilots School,Pilatus PC-21,Civ,L-Plate,Training Wheels,Watch Me Fly,https://en.wikipedia.org/wiki/Empire_Test_Pilots%27_School
4026A3,G-IPSI,Private,Grob G 109B,Civ,All About That Wingspan,Where Is The Engine,Who needs an Engine ?,https://en.wikipedia.org/wiki/Grob_G_109
4031E6,G-SAGA,Private,Grob G 109B,Civ,All About That Wingspan,Not A Car,Who needs an Engine ?,https://en.wikipedia.org/wiki/Grob_G_109
406636,G-CGXW,Private,Grob G 109B,Civ,All About That Wingspan,Not A Car,Who needs an Engine ?,https://en.wikipedia.org/wiki/Grob_G_109
4069BC,G-CHYB,Private,Grob G 109B,Civ,All About That Wingspan,Not A Car,Who needs an Engine ?,https://en.wikipedia.org/wiki/Grob_G_109
407626,G-OASM,Private,HpH 304 Shark ES,Civ,All About That Wingspan,Whoosh,Who needs an Engine ?,https://www.hph.cz/products/hph-304s-shark
406F1F,G-NDJS,Private,M & D Flugzeugbau JS-MD1 C Revelation,Civ,All About That Wingspan,Whoosh,Who needs an Engine ?,https://jonkersailplanes.co.za/wp-content/uploads/2020/06/Safety-scaled.jpg
448CED,OO-CGM,Private,Raven Aerostar S-55A Hot Air Balloon,Civ,Nope,Chonky Boy,Who needs an Engine ?,https://s3.eu-west-2.amazonaws.com/abpic-media-eu-production/pictures/full_size_0314/1472422-large.jpg
401355,G-LSIV,Private,Rolladen-Schneider LS4,Civ,All About That Wingspan,Whoosh,Who needs an Engine ?,https://en.wikipedia.org/wiki/Rolladen-Schneider_Flugzeugbau
405319,G-CJOD,Private,Rolladen-Schneider LS8 18,Civ,Whoosh,All About That Wingspan,Who needs an Engine ?,https://cdn.jetphotos.com/full/5/24787_1563980927.jpg
405434,G-CKEZ,Private,Rolladen-Schneider LS8 t,Civ,All About That Wingspan,Whoosh,Who needs an Engine ?,https://en.wikipedia.org/wiki/Rolladen-Schneider_Flugzeugbau
4066A3,G-KBWP,Private,Schempp-Hirth Arcus T,Civ,Whoosh,Where Is The Engine,Who needs an Engine ?,https://www.schempp-hirth.com/en
405123,G-CKOK,Private,Schempp-Hirth Discus 2c T,Civ,All About That Wingspan,Whoosh,Who needs an Engine ?,https://www.schempp-hirth.com/en
4050FA,G-KOBH,Private,Schempp-Hirth Discus bT,Civ,All About That Wingspan,Where Is The Engine,Who needs an Engine ?,https://www.schempp-hirth.com/en
406887,G-SAXL,Private,Schempp-Hirth Duo Discus xLT,Civ,All About That Wingspan,Whoosh,Who needs an Engine ?,https://www.schempp-hirth.com/en
405870,G-CHGG,Private,Schempp-Hirth Standard Cirrus,Civ,All About That Wingspan,Whoosh,Who needs an Engine ?,https://www.schempp-hirth.com/en
400FAD,G-ORCW,Private,Schempp-Hirth Ventus 2c xT,Civ,All About That Wingspan,Whoosh,Who needs an Engine ?,https://www.schempp-hirth.com/en
406FFB,G-CLRS,Private,Schleicher ASG 29 27-18E,Civ,Whoosh,Where Is The Engine,Who needs an Engine ?,https://en.wikipedia.org/wiki/Schleicher_ASG_29
405473,G-CKDS,Private,Schleicher ASW 27 B,Civ,All About That Wingspan,Whoosh,Who needs an Engine ?,https://en.wikipedia.org/wiki/Rolladen-Schneider_Flugzeugbau
4038D5,G-BVKU,Private,Slingsby T.61 F Falke Venture T.3,Civ,All About That Wingspan,Whoosh,Who needs an Engine ?,https://en.wikipedia.org/wiki/Slingsby_Falke
4B3AB5,HB-WGB,AlpineGyro Ltd,DTA J-RO,Civ,Little Nellie,People Be Crazy,You came here in that thing ?,https://en.wikipedia.org/wiki/DTA_J-RO
405F48,G-DSMA,DSMA Flying Group,P & M Aviation QuikR,Civ,You Came Here In That Thing,Nope,You came here in that thing ?,http://www.pmaviationusa.com/images/quikr%20wing%2001.jpg?crc=86326437
4B4146,HB-YSS,Fly Vision GmbH,ArrowCopter,Civ,Little Nellie,Whoosh,You came here in that thing ?,https://en.wikipedia.org/wiki/FD-Composites_ArrowCopter
403AA4,G-MYWW,Private,Cyclone Airsports Pegasus Quantum 15,Civ,Ultralight,You Came Here In That Thing,You came here in that thing ?,https://en.wikipedia.org/wiki/Pegasus_Quantum
4015BB,G-ASFX,Private,Druine Turbulent D.31,Civ,Eensy Weensy,Got It Where It Counts,You came here in that thing ?,https://en.wikipedia.org/wiki/Druine_Turbulent
40676E,G-CHGA,Private,P & M Aviation Quik GTR,Civ,Ultralight,You Came Here In That Thing,You came here in that thing ?,https://www.pmaviation.co.uk/quikgtr-ouraircraftdetails.html
4061E2,G-KBOJ,Private,RotorSport UK MTO Sport,Civ,Ultralight,You Came Here In That Thing,You came here in that thing ?,https://photos.smugmug.com/General-Aviation/Rotorsport-UK/Rotorsport-UK-MTO-Sport/i-G6Rnqc5/2/c5a27272/M/8R9U7228-M.jpg
40799F,G-LFLF,Private,RotorSport UK MTO Sport 2017,Civ,Little Nellie,You Came Here In That Thing,You came here in that thing ?,https://www.youtube.com/watch?v=xFozWDLne7c
